word;replace;Column1
1st;first;standardization
abrasives;abrasive;singular/plural
absorbents;absorbent;singular/plural
accents;accent;singular/plural
accessories;accessory;singular/plural
accidents;accident;singular/plural
accommodations;accommodation;singular/plural
accomodations;accommodation;
accounts;account;singular/plural
aces;ace;singular/plural
achievers;achiever;singular/plural
acids;acid;singular/plural
acoustics;acoustic;singular/plural
acquisitions;acquisition;
acquisitions;acquisition;singular/plural
acres;acre;singular/plural
acrylics;acrylic;singular/plural
actions;action;singular/plural
additives;additive;singular/plural
ades;ade;singular/plural
adhesives;adhesive;singular/plural
adjusters;adjuster;singular/plural
ads;ad;singular/plural
advanced;advance;
advances;advance;singular/plural
advantaged;advantage;
advantge;advantage;
advatage;advantage;
adventures;adventure;singular/plural
advisers;adviser;singular/plural
advisors;advisor;singular/plural
advntage;advatage;
aerogels;aerogel;singular/plural
aesthetics;aesthetic;singular/plural
affairs;affair;singular/plural
affiliates;affiliate;singular/plural
africa;african;
afs;af;singular/plural
agencies;agency;singular/plural
agents;agent;singular/plural
ages;age;singular/plural
aggregates;aggregate;singular/plural
agrochemicals;agrochemical;singular/plural
aids;aid;singular/plural
aims;aim;singular/plural
airlines;airline;singular/plural
airplanes;airplane;singular/plural
airports;airport;singular/plural
airways;airway;singular/plural
alcohols;alcohol;singular/plural
ales;ale;singular/plural
alkalies;alkali;singular/plural
alkalis;alkali;singular/plural
allgauer;allgaeuer;
alliances;alliance;singular/plural
allocations;allocation;singular/plural
alloys;alloy;singular/plural
alph;alpha;
alternatives;alternative;singular/plural
altos;alto;singular/plural
aluminum;aluminium;
amalgamations;amalgamation;singular/plural
ambassadors;ambassador;singular/plural
america;american;
amines;amine;singular/plural
amusements;amusement;singular/plural
analysts;analyst;singular/plural
annuities;annuity;singular/plural
answers;answer;singular/plural
antibiotics;antibiotic;singular/plural
antibodies;antibody;singular/plural
antipodes;antipode;singular/plural
ants;ant;singular/plural
apartments;apartment;singular/plural
apparels;apparel;singular/plural
appliances;appliance;singular/plural
applications;application;singular/plural
appointments;appointment;singular/plural
apps;app;singular/plural
aquacultures;aquaculture;singular/plural
arabia;arabian;
architects;architect;singular/plural
architectures;architecture;singular/plural
arcs;arc;singular/plural
areas;area;singular/plural
arenas;arena;singular/plural
arias;aria;singular/plural
arms;arm;singular/plural
aromas;aroma;singular/plural
aromatics;aromatic;singular/plural
arrangements;arrangement;singular/plural
arrays;array;singular/plural
arrondissements;arrondissement;singular/plural
arrows;arrow;singular/plural
articles;article;singular/plural
artisans;artisan;singular/plural
artists;artist;singular/plural
arts;art;singular/plural
asphalts;asphalt;singular/plural
assemblies;assembly;singular/plural
assessments;assessment;singular/plural
assets;asset;singular/plural
associated;associate;
associates;associate;singular/plural
assurances;assurance;singular/plural
atlas;atla;singular/plural
attorneys;attorney;singular/plural
attractions;attraction;singular/plural
auctioneers;auctioneer;singular/plural
auctions;auction;singular/plural
audits;audit;singular/plural
auras;aura;singular/plural
authorities;authority;singular/plural
automobiles;automobile;singular/plural
autos;auto;singular/plural
avers;aver;singular/plural
aws;aw;singular/plural
axles;axle;singular/plural
ayes;aye;singular/plural
backs;back;singular/plural
bags;bag;singular/plural
bakeries;bakery;singular/plural
bakers;baker;singular/plural
bamboos;bamboo;singular/plural
bams;bam;singular/plural
bancos;banco;singular/plural
bancshares;bankshares;
bankers;banker;singular/plural
banks;bank;singular/plural
bankshare;bankshares;
banners;banner;singular/plural
banquets;banquet;singular/plural
barbers;barber;singular/plural
barns;barn;singular/plural
barons;baron;singular/plural
bars;bar;singular/plural
bates;bate;singular/plural
bathrooms;bathroom;singular/plural
batteries;battery;singular/plural
bazaars;bazaar;singular/plural
beads;bead;singular/plural
beans;bean;singular/plural
bearings;bearing;singular/plural
beckons;beckon;singular/plural
beddings;bedding;singular/plural
beers;beer;singular/plural
bellows;bellow;singular/plural
bells;bell;singular/plural
belton;beltone;
benefits;benefit;singular/plural
bergs;berg;singular/plural
beteiligungs;beteiligung;
beteiligungsholding;beteiligung holding;
beverages;beverage;singular/plural
bicycles;bicycle;singular/plural
billboards;billboard;singular/plural
bills;bill;singular/plural
bioethics;bioethic;singular/plural
biofuels;biofuel;singular/plural
biologics;biologic;singular/plural
biols;biol;
biomaterials;biomaterial;singular/plural
biomolecules;biomolecule;singular/plural
biopharmaceuticals;biopharmaceutical;singular/plural
biosensors;biosensor;singular/plural
biotechnologies;biotechnology;singular/plural
biscuits;biscuit;singular/plural
bits;bit;singular/plural
blacks;black;singular/plural
blends;blend;singular/plural
blessings;blessing;singular/plural
blinds;blind;singular/plural
blocks;block;singular/plural
blooms;bloom;singular/plural
blowers;blower;singular/plural
boards;board;singular/plural
boats;boat;singular/plural
bobs;bob;singular/plural
bodegas;bodega;singular/plural
bods;bod;singular/plural
bonds;bond;singular/plural
bongs;bong;singular/plural
books;book;singular/plural
boots;boot;singular/plural
borders;border;singular/plural
bottlers;bottler;singular/plural
bottles;bottle;singular/plural
boutiques;boutique;singular/plural
braids;braid;singular/plural
brakes;brake;singular/plural
brambles;bramble;singular/plural
brands;brand;singular/plural
bras;bra;singular/plural
brasseries;brasserie;singular/plural
breakers;breaker;singular/plural
breeders;breeder;singular/plural
breweries;brewery;singular/plural
brickworks;brickwork;singular/plural
bridges;bridge;singular/plural
brinks;brink;singular/plural
briquettes;briquette;singular/plural
broadcasts;broadcast;singular/plural
brocades;brocade;singular/plural
broilers;broiler;singular/plural
brokers;broker;singular/plural
broncos;bronco;singular/plural
brooks;brook;singular/plural
brothers;brother;singular/plural
brownies;brownie;singular/plural
browns;brown;singular/plural
bugs;bug;singular/plural
build;building;
builders;builder;singular/plural
buildings;building;
burns;burn;singular/plural
businesses;business;singular/plural
busters;buster;singular/plural
butlers;butler;singular/plural
buyers;buyer;singular/plural
bytes;byte;singular/plural
cabinets;cabinet;singular/plural
cables;cable;singular/plural
cadres;cadre;singular/plural
caesars;caesar;singular/plural
cafes;cafe;singular/plural
cafeterias;cafeteria;singular/plural
cairns;cairn;singular/plural
cals;cal;singular/plural
camshafts;camshaft;singular/plural
cannons;cannon;singular/plural
cans;can;singular/plural
cantons;canton;singular/plural
capitals;capital;singular/plural
caps;cap;singular/plural
capsules;capsule;singular/plural
carats;carat;singular/plural
caravans;caravan;singular/plural
carbides;carbide;singular/plural
carbons;carbon;singular/plural
cards;card;singular/plural
careers;career;singular/plural
cares;care;singular/plural
carpenters;carpenter;singular/plural
carpets;carpet;singular/plural
carriers;carrier;singular/plural
carrs;carr;singular/plural
cars;car;singular/plural
carts;cart;singular/plural
cascades;cascade;singular/plural
cases;case;singular/plural
cashiers;cashier;singular/plural
casinos;casino;singular/plural
castings;casting;singular/plural
castles;castle;singular/plural
castors;castor;singular/plural
catamarans;catamaran;singular/plural
cats;cat;singular/plural
ccs;cc;singular/plural
cds;cd;singular/plural
cellars;cellar;singular/plural
cells;cell;singular/plural
cements;cement;singular/plural
centers;center;singular/plural
centres;centre;singular/plural
cents;cent;singular/plural
ceramics;ceramic;singular/plural
cereals;cereal;singular/plural
certificates;certificate;singular/plural
champions;champion;singular/plural
championships;championship;singular/plural
chapters;chapter;singular/plural
characters;character;singular/plural
charms;charm;singular/plural
charts;chart;singular/plural
checkers;checker;singular/plural
chefs;chef;singular/plural
chemicals;chemical;singular/plural
chemists;chemist;singular/plural
chews;chew;singular/plural
chillers;chiller;singular/plural
chinda;cinda;
chips;chip;singular/plural
chocolates;chocolate;singular/plural
choices;choice;singular/plural
cigarettes;cigarette;singular/plural
cigars;cigar;singular/plural
cinemas;cinema;singular/plural
circuits;circuit;singular/plural
cities;city;singular/plural
citizens;citizen;singular/plural
claims;claim;singular/plural
classics;classic;singular/plural
clays;clay;singular/plural
clicks;click;singular/plural
cliffs;cliff;singular/plural
clinics;clinic;singular/plural
clips;clip;singular/plural
closures;closure;singular/plural
clothes;clothe;singular/plural
clothiers;clothier;singular/plural
clubs;club;singular/plural
coals;coal;singular/plural
coatings;coating;singular/plural
coats;coat;singular/plural
cocos;coco;singular/plural
codes;code;singular/plural
coffees;coffee;singular/plural
coins;coin;singular/plural
colas;cola;singular/plural
colleagues;colleague;singular/plural
collectors;collector;singular/plural
colleges;college;singular/plural
colliers;collier;singular/plural
colloids;colloid;singular/plural
colors;color;singular/plural
colours;colour;singular/plural
combustibles;combustible;singular/plural
commercials;commercial;singular/plural
commodities;commodity;singular/plural
communications;communication;singular/plural
communities;community;singular/plural
companies;company;singular/plural
components;component;singular/plural
composites;composite;singular/plural
compounds;compound;singular/plural
compressors;compressor;singular/plural
computers;computer;singular/plural
comunicacion;communicacion;
concepts;concept;singular/plural
concessions;concession;singular/plural
conditioners;conditioner;singular/plural
conductors;conductor;singular/plural
connections;connection;singular/plural
consolidators;consolidator;singular/plural
construccion;constrution;
construciones;construcciones;
constructions;construction;singular/plural
consultancies;consultancy;singular/plural
consultants;consultant;singular/plural
consumables;consumable;singular/plural
consumers;consumer;singular/plural
contacts;contact;singular/plural
containers;container;singular/plural
contents;content;singular/plural
continents;continent;singular/plural
continet;continent;
contractors;contractor;singular/plural
contracts;contract;singular/plural
controls;control;singular/plural
converters;converter;singular/plural
convertibles;convertible;singular/plural
conveyors;conveyor;singular/plural
cookers;cooker;singular/plural
cookies;cookie;singular/plural
cooks;cook;singular/plural
coots;coot;singular/plural
cords;cord;singular/plural
corners;corner;singular/plural
corporations;corporation;singular/plural
corpration;corporation;
corps;corp;singular/plural
cosmetics;cosmetic;singular/plural
cotes;cote;singular/plural
counties;county;singular/plural
countries;country;singular/plural
coupons;coupon;singular/plural
courses;course;singular/plural
courts;court;singular/plural
cousins;cousin;singular/plural
coverings;covering;singular/plural
crafts;craft;singular/plural
cranberries;cranberry;singular/plural
cranes;crane;singular/plural
creams;cream;singular/plural
creations;creation;singular/plural
creatives;creative;singular/plural
creators;creator;singular/plural
creditors;creditor;singular/plural
credits;credit;singular/plural
crops;crop;singular/plural
crossroads;crossroad;singular/plural
crosswinds;crosswind;singular/plural
crowns;crown;singular/plural
cruises;cruise;singular/plural
crumbs;crumb;singular/plural
cubes;cube;singular/plural
cultr;cultural;
cummins;cummin;singular/plural
currencies;currency;singular/plural
customers;customer;singular/plural
cycles;cycle;singular/plural
cylinders;cylinder;singular/plural
dairies;dairy;singular/plural
dames;dame;singular/plural
databases;database;singular/plural
days;day;singular/plural
<<<<<<< HEAD
=======
de;del;
>>>>>>> 5bee9322e471aa5caa34e38bdb38fc23bdf9259b
decisions;decision;singular/plural
deckers;decker;singular/plural
deeps;deep;singular/plural
degrees;degree;singular/plural
delware;delaware;
demos;demo;singular/plural
denims;denim;singular/plural
dentlcare;dentalcare;
deposits;deposit;singular/plural
derivatives;derivative;singular/plural
designs;design;singular/plural
desserts;dessert;singular/plural
destinations;destination;singular/plural
details;detail;singular/plural
detectors;detector;singular/plural
detergents;detergent;singular/plural
developers;developer;singular/plural
developments;development;singular/plural
devices;device;singular/plural
diagnostics;diagnostic;
dials;dial;singular/plural
diamonds;diamond;singular/plural
dielectrics;dielectric;singular/plural
diesels;diesel;singular/plural
dimensions;dimension;singular/plural
dimples;dimple;singular/plural
diodes;diode;singular/plural
directions;direction;singular/plural
directories;directory;singular/plural
discoveries;discovery;singular/plural
discs;disc;singular/plural
diseases;disease;singular/plural
displays;display;singular/plural
disposables;disposable;singular/plural
distilleries;distillery;singular/plural
distillers;distiller;singular/plural
distributions;distribution;singular/plural
distributors;distributor;singular/plural
divers;diver;singular/plural
dividends;dividend;singular/plural
docks;dock;singular/plural
docs;doc;singular/plural
doctors;doctor;singular/plural
documents;document;singular/plural
doers;doer;singular/plural
domes;dome;singular/plural
dominions;dominion;singular/plural
dominos;domino;singular/plural
donations;donation;singular/plural
doughnuts;doughnut;singular/plural
downs;down;singular/plural
dragons;dragon;singular/plural
dreams;dream;singular/plural
drillers;driller;singular/plural
drills;drill;singular/plural
drinks;drink;singular/plural
drives;drive;singular/plural
drovers;drover;singular/plural
druggists;druggist;singular/plural
drugs;drug;singular/plural
drugstores;drugstore;singular/plural
dunes;dune;singular/plural
duos;duo;singular/plural
dyes;dye;singular/plural
dynamics;dynamic;singular/plural
eagles;eagle;singular/plural
earls;earl;singular/plural
earths;earth;singular/plural
earthworks;earthwork;singular/plural
eateries;eatery;singular/plural
economies;economy;singular/plural
ecosystems;ecosystem;singular/plural
editions;edition;singular/plural
educators;educator;singular/plural
eggs;egg;singular/plural
egyptians;egyptian;singular/plural
elastomers;elastomer;singular/plural
elders;elder;singular/plural
electrodes;electrode;singular/plural
electronics;electronic;singular/plural
elements;element;singular/plural
elevators;elevator;singular/plural
embroideries;embroidery;singular/plural
emirates;emirate;singular/plural
emissions;emission;singular/plural
empires;empire;singular/plural
employees;employee;singular/plural
employers;employer;singular/plural
enables;enable;singular/plural
enamels;enamel;singular/plural
enclaves;enclave;singular/plural
endeavors;endeavor;singular/plural
energies;energy;singular/plural
engagements;engagement;singular/plural
engineers;engineer;singular/plural
engines;engine;singular/plural
enhancements;enhancement;singular/plural
enhancers;enhancer;singular/plural
enterprises;enterprise;singular/plural
entertainments;entertainment;singular/plural
environment;environmental;
envoronmental;environmental;
enzymes;enzyme;singular/plural
equipement;equipment;
equipments;equipment;singular/plural
equiptment;equipment;
equities;equity;singular/plural
escapes;escape;singular/plural
escorts;escort;singular/plural
eskimos;eskimo;singular/plural
estates;estate;singular/plural
etudes;etude;singular/plural
events;event;singular/plural
evolutions;evolution;singular/plural
exchanges;exchange;singular/plural
excipients;excipient;singular/plural
exhibitions;exhibition;singular/plural
exotics;exotic;singular/plural
expatriates;expatriate;singular/plural
expeditions;expedition;singular/plural
expeditors;expeditor;
experts;expert;singular/plural
exploitations;exploitation;singular/plural
explorations;exploration;singular/plural
explorers;explorer;singular/plural
explosives;explosive;singular/plural
exporters;exporter;singular/plural
exports;export;singular/plural
expositions;exposition;singular/plural
expressways;expressway;singular/plural
extractions;extraction;singular/plural
extracts;extract;singular/plural
extrusions;extrusion;singular/plural
eyes;eye;singular/plural
fabricators;fabricator;singular/plural
fabrics;fabric;singular/plural
faces;face;singular/plural
facilities;facility;singular/plural
factories;factory;singular/plural
factors;factor;singular/plural
facts;fact;singular/plural
falcons;falcon;singular/plural
falls;fall;singular/plural
fanatics;fanatic;singular/plural
fans;fan;singular/plural
farmers;farmer;singular/plural
farms;farm;singular/plural
fashions;fashion;singular/plural
fasteners;fastener;singular/plural
feeds;feed;
fellows;fellow;singular/plural
ferries;ferry;singular/plural
ferrites;ferrite;singular/plural
fertiliser;fertilizer;singular/plural
fertilisers;fertilizers;
fertilizers;fertilizer;singular/plural
festivals;festival;singular/plural
fibers;fiber;singular/plural
fibres;fibre;singular/plural
fields;field;singular/plural
filaments;filament;singular/plural
films;film;singular/plural
filters;filter;singular/plural
finances;finance;singular/plural
financiers;financier;singular/plural
finders;finder;singular/plural
finishers;finisher;singular/plural
fins;fin;singular/plural
firearms;firearm;singular/plural
fireworks;firework;singular/plural
fisheries;fishery;singular/plural
fitters;fitter;singular/plural
fittings;fitting;singular/plural
fives;five;singular/plural
flags;flag;singular/plural
flanges;flange;singular/plural
flavors;flavor;singular/plural
fliers;flier;singular/plural
floorcoverings;floorcovering;singular/plural
floorings;flooring;singular/plural
floors;floor;singular/plural
flowers;flower;singular/plural
fluids;fluid;singular/plural
fluorocarbons;fluorocarbon;singular/plural
foils;foil;singular/plural
foods;food;singular/plural
foodstuffs;foodstuff;singular/plural
foothills;foothill;singular/plural
footwears;footwear;singular/plural
forests;forest;singular/plural
forges;forge;singular/plural
forks;fork;singular/plural
forms;form;singular/plural
formulations;formulation;singular/plural
fortes;forte;singular/plural
forvaltnings;forvaltning;
forwarders;forwarder;singular/plural
fosters;foster;singular/plural
foundations;foundation;singular/plural
founders;founder;singular/plural
foundries;foundry;singular/plural
fountains;fountain;singular/plural
fragrances;fragrance;singular/plural
francs;franc;singular/plural
franks;frank;singular/plural
friends;friend;singular/plural
fries;fry;singular/plural
frontiers;frontier;singular/plural
fruits;fruit;singular/plural
fuels;fuel;singular/plural
fundings;funding;singular/plural
funds;fund;singular/plural
funfairs;funfair;singular/plural
furnishings;furnishing;singular/plural
furs;fur;singular/plural
futuraistic;futuristic;
futures;future;singular/plural
gains;gain;singular/plural
galleries;gallery;singular/plural
games;game;singular/plural
garages;garage;singular/plural
gardens;garden;singular/plural
gargoyles;gargoyle;singular/plural
garments;garment;singular/plural
gases;gas;singular/plural
gates;gate;singular/plural
gears;gear;singular/plural
gelatines;gelatine;singular/plural
gems;gem;singular/plural
gemstones;gemstone;singular/plural
generations;generation;singular/plural
generators;generator;singular/plural
genes;gene;singular/plural
genetics;genetic;singular/plural
gets;get;singular/plural
gibbons;gibbon;singular/plural
gifts;gift;singular/plural
gis;gi;singular/plural
glasses;glass;singular/plural
glaziers;glazier;singular/plural
gloves;glove;singular/plural
glycols;glycol;singular/plural
goals;goal;singular/plural
gods;god;singular/plural
goldfields;goldfield;singular/plural
goldmines;goldmine;singular/plural
goldsmiths;goldsmith;singular/plural
goods;good;singular/plural
gorges;gorge;singular/plural
governments;government;singular/plural
gps;gp;singular/plural
grades;grade;singular/plural
grandparents;grandparent;singular/plural
grands;grand;singular/plural
granges;grange;singular/plural
granites;granite;
granules;granule;singular/plural
grapes;grape;singular/plural
graphics;graphic;singular/plural
greens;green;singular/plural
greetings;greeting;singular/plural
grids;grid;singular/plural
grocers;grocer;singular/plural
grounds;ground;singular/plural
growers;grower;singular/plural
guarantees;guarantee;singular/plural
guarantors;guarantor;singular/plural
guildford;guilford;
guys;guy;singular/plural
habitations;habitation;singular/plural
halos;halo;singular/plural
hamburgers;hamburger;singular/plural
handlers;handler;singular/plural
hands;hand;singular/plural
hanks;hank;singular/plural
harbors;harbor;singular/plural
harbours;harbour;singular/plural
hardwoods;hardwood;singular/plural
harvests;harvest;singular/plural
harveys;harvey;
hatcheries;hatchery;singular/plural
hawks;hawk;singular/plural
headlands;headland;singular/plural
headquarters;headquarter;singular/plural
heals;heal;singular/plural
hearts;heart;singular/plural
heaters;heater;singular/plural
heights;height;singular/plural
helicopters;helicopter;singular/plural
helms;helm;singular/plural
herbals;herbal;singular/plural
herbs;herb;singular/plural
heroes;hero;singular/plural
highlands;highland;singular/plural
hills;hill;singular/plural
hinduja;hinduaja;
hindusthan;hindustan;
hls;hl;singular/plural
hoists;hoist;singular/plural
hold;holding;
holders;holder;singular/plural
holdings;holding;singular/plural
holidays;holiday;singular/plural
homeowners;homeowner;singular/plural
homes;home;singular/plural
honeys;honey;singular/plural
honors;honor;singular/plural
hoovers;hoover;singular/plural
horizons;horizon;singular/plural
hospitals;hospital;singular/plural
hosts;host;singular/plural
hotels;hotel;singular/plural
houses;house;singular/plural
humanities;humanity;singular/plural
hunters;hunter;singular/plural
hussmann;hussman;
hydraulics;hydraulic;singular/plural
hydrocarbons;hydrocarbon;singular/plural
ideas;idea;singular/plural
iles;ile;singular/plural
illusions;illusion;singular/plural
images;image;singular/plural
implants;implant;singular/plural
implements;implement;singular/plural
imports;import;singular/plural
improvements;improvement;singular/plural
incomes;income;singular/plural
indexes;index;singular/plural
indians;indian;singular/plural
indices;index;singular/plural
industri;industry;standardization
industria;industry;standardization
industrials;industrial;singular/plural
industriel;industrial;standardization
industries;industry;singular/plural
inernational;international;standardization
informationssysteme;informationsysteme;standardization
infrastructures;infrastructure;singular/plural
infusions;infusion;singular/plural
ingles;ingle;singular/plural
ingredients;ingredient;singular/plural
initiates;initiate;singular/plural
initiatives;initiative;singular/plural
inks;ink;singular/plural
innovations;innovation;singular/plural
inns;inn;singular/plural
insecticides;insecticide;singular/plural
insights;insight;singular/plural
inspirations;inspiration;singular/plural
installations;installation;singular/plural
institutions;institution;singular/plural
instruments;instrument;singular/plural
insulators;insulator;singular/plural
insurances;insurance;singular/plural
integrate;integrated;
integrations;integration;singular/plural
integrators;integrator;singular/plural
interests;interest;singular/plural
intergrated;integrated;
interiors;interior;singular/plural
intermediaries;intermediary;singular/plural
intermediates;intermediate;singular/plural
internacional;international;
internationale;international;
intersections;intersection;singular/plural
interventions;intervention;singular/plural
intimates;intimate;singular/plural
inventions;invention;singular/plural
invesment;investment;
investement;investment;
investiment;investment;
investimento;investment;
investimentos;investment;
investments;investment;singular/plural
investors;investor;singular/plural
islands;island;singular/plural
isles;isle;singular/plural
isotopes;isotope;singular/plural
issuances;issuance;singular/plural
issues;issue;singular/plural
italiane;italian;
jacks;jack;singular/plural
jayaswals;jayaswal;
jays;jay;singular/plural
jets;jet;singular/plural
jewelers;jeweler;singular/plural
jewellers;jeweller;singular/plural
jewels;jewel;singular/plural
joes;joe;singular/plural
joules;joule;singular/plural
journals;journal;singular/plural
journeys;journey;singular/plural
jps;jp;singular/plural
judges;judge;singular/plural
keywords;keyword;singular/plural
kids;kid;singular/plural
kinetics;kinetic;singular/plural
kings;king;singular/plural
kips;kip;singular/plural
kitchens;kitchen;singular/plural
knits;knit;singular/plural
kunststoffe;kunststoff;
labels;label;singular/plural
laboratories;laboratory;singular/plural
labs;lab;singular/plural
lakes;lake;singular/plural
laminates;laminate;singular/plural
lamps;lamp;singular/plural
landmarks;landmark;singular/plural
lands;land;singular/plural
landscapes;landscape;singular/plural
lanes;lane;singular/plural
lasers;laser;singular/plural
laundries;laundry;singular/plural
laws;law;singular/plural
layers;layer;singular/plural
lbs;lb;singular/plural
leaders;leader;singular/plural
leas;lea;singular/plural
leases;lease;singular/plural
leathers;leather;singular/plural
lees;lee;singular/plural
legand;legend;
legends;legend;singular/plural
legs;leg;singular/plural
legumes;legume;singular/plural
leisures;leisure;singular/plural
lenders;lender;singular/plural
less;little;singular/plural
lets;let;singular/plural
levels;level;singular/plural
lifestyles;lifestyle;singular/plural
lights;light;singular/plural
linens;linen;singular/plural
lines;line;singular/plural
linings;lining;singular/plural
links;link;singular/plural
linos;lino;singular/plural
lions;lion;singular/plural
liquidators;liquidator;singular/plural
liquids;liquid;singular/plural
liquors;liquor;singular/plural
loans;loan;singular/plural
locales;locale;singular/plural
locations;location;singular/plural
locums;locum;singular/plural
lodgings;lodging;singular/plural
lofts;loft;singular/plural
logics;logic;singular/plural
logistics;logistic;singular/plural
logos;logo;singular/plural
logs;log;singular/plural
longs;long;singular/plural
lookers;looker;singular/plural
looks;look;singular/plural
lords;lord;singular/plural
lots;lot;singular/plural
lowlands;lowland;singular/plural
lsr;laser;
lubricants;lubricant;singular/plural
lumens;lumen;singular/plural
machines;machine;singular/plural
madeiras;madeira;singular/plural
maestros;maestro;singular/plural
magazines;magazine;singular/plural
magics;magic;singular/plural
magnets;magnet;singular/plural
mains;main;singular/plural
majors;major;singular/plural
makers;maker;singular/plural
malls;mall;singular/plural
mamas;mama;singular/plural
managements;management;singular/plural
managers;manager;singular/plural
manas;mana;singular/plural
mans;man;singular/plural
manufacturers;manufacturer;singular/plural
manufactures;manufacture;singular/plural
marbles;marble;singular/plural
marches;march;singular/plural
mares;mare;singular/plural
marinas;marina;singular/plural
markets;market;singular/plural
marks;mark;singular/plural
martins;martin;singular/plural
marts;mart;singular/plural
masses;mass;singular/plural
masters;master;singular/plural
matches;match;singular/plural
matchmakers;matchmaker;singular/plural
materaial;material;
materials;material;singular/plural
mates;mate;singular/plural
matters;matter;singular/plural
maturities;maturity;singular/plural
maxs;max;singular/plural
mayors;mayor;singular/plural
mays;may;singular/plural
meadows;meadow;singular/plural
measurements;measurement;singular/plural
mechanics;mechanic;singular/plural
medicaments;medicament;singular/plural
medicines;medicine;singular/plural
medics;medic;singular/plural
medios;medio;singular/plural
megawatts;megawatt;singular/plural
members;member;singular/plural
memorials;memorial;singular/plural
memories;memory;singular/plural
merchants;merchant;singular/plural
mercuries;mercury;singular/plural
metals;metal;singular/plural
methods;method;singular/plural
metrics;metric;singular/plural
microbreweries;microbrewery;singular/plural
microelectronics;microelectronic;singular/plural
microns;micron;singular/plural
micros;micro;singular/plural
microsystems;microsystem;singular/plural
mikes;mike;singular/plural
miles;mile;singular/plural
millenium;millennium;
millers;miller;singular/plural
mills;mill;singular/plural
minds;mind;singular/plural
minerals;mineral;singular/plural
miners;miner;singular/plural
mines;mine;singular/plural
mobilisations;mobilisation;singular/plural
modalities;modality;singular/plural
models;model;singular/plural
modules;module;singular/plural
mols;mol;singular/plural
monitors;monitor;singular/plural
monkeys;monkey;singular/plural
monks;monk;singular/plural
mons;mon;singular/plural
moons;moon;singular/plural
moorings;mooring;singular/plural
morgans;morgan;singular/plural
mortgages;mortgage;singular/plural
mosaics;mosaic;singular/plural
motorcycles;motorcycle;singular/plural
motors;motor;singular/plural
motorways;motorway;singular/plural
mouldings;moulding;singular/plural
mountains;mountain;singular/plural
movers;mover;singular/plural
movies;movie;singular/plural
muhl;muehl;
municipalities;municipality;singular/plural
nanotechnologies;nanotechnology;singular/plural
narrows;narrow;singular/plural
nations;nation;singular/plural
naturals;natural;singular/plural
natures;nature;singular/plural
navegacion;navigacion;
navigators;navigator;singular/plural
nederlands;nederland;
needs;need;singular/plural
nets;net;singular/plural
networkers;networker;singular/plural
networks;network;singular/plural
neurones;neurone;singular/plural
neurosciences;neuroscience;singular/plural
newspapers;newspaper;singular/plural
nigeria;nigerian;
nines;nine;singular/plural
nineties;ninety;singular/plural
nominees;nominee;singular/plural
noodles;noodle;singular/plural
normans;norman;singular/plural
notes;note;singular/plural
nothern;northern;
novelties;novelty;singular/plural
numbers;number;singular/plural
nurnberger;nuernberger;
nurseries;nursery;singular/plural
nusantara;nusantra;
nutraceuticals;nutraceutical;singular/plural
nutrients;nutrient;singular/plural
oaks;oak;singular/plural
oats;oat;singular/plural
objects;object;singular/plural
obligations;obligation;singular/plural
oceans;ocean;singular/plural
officers;officer;singular/plural
offices;office;singular/plural
oilfields;oilfield;singular/plural
oils;oil;singular/plural
olds;old;singular/plural
olefins;olefin;singular/plural
operations;operation;singular/plural
operators;operator;singular/plural
opportunities;opportunity;singular/plural
optics;optic;singular/plural
options;option;singular/plural
optoelectronics;optoelectronic;
orchards;orchard;singular/plural
orchids;orchid;singular/plural
ores;ore;singular/plural
organics;organic;singular/plural
organisation;organization;
originals;original;singular/plural
originations;origination;singular/plural
ornaments;ornament;singular/plural
osterreichische;oesterreichische;
others;other;singular/plural
outdoors;outdoor;singular/plural
outfitters;outfitter;singular/plural
owners;owner;singular/plural
oxides;oxide;singular/plural
packages;package;singular/plural
packers;packer;singular/plural
packs;pack;singular/plural
pages;page;singular/plural
paints;paint;singular/plural
palaces;palace;singular/plural
palms;palm;singular/plural
pals;pal;singular/plural
panels;panel;singular/plural
papers;paper;singular/plural
papr;paper;
paras;para;singular/plural
parks;park;singular/plural
participations;participation;singular/plural
partners;partner;singular/plural
partnerships;partnership;singular/plural
parts;part;singular/plural
pathways;pathway;singular/plural
patrols;patrol;singular/plural
patties;patty;singular/plural
payement;payment;
payments;payment;singular/plural
pays;pay;singular/plural
peaches;peach;singular/plural
peaks;peak;singular/plural
pearls;pearl;singular/plural
peeks;peek;singular/plural
pekasa;perkasa;
peninsula;peninsular;
pensions;pension;singular/plural
peoples;people;singular/plural
perfumes;perfume;singular/plural
peripherals;peripheral;singular/plural
perkins;perkin;
pesticides;pesticide;singular/plural
petals;petal;singular/plural
petards;petard;singular/plural
peters;peter;singular/plural
petrochemicals;petrochemical;singular/plural
petroleums;petroleum;singular/plural
pets;pet;singular/plural
pharmaceutial;pharmaceutical;
pharmaceuticals;pharmaceutical;singular/plural
pharmacies;pharmacy;singular/plural
philippines;philippine;
phosphates;phosphate;singular/plural
physicians;physician;singular/plural
physics;physic;singular/plural
pickles;pickle;singular/plural
pictures;picture;singular/plural
pieces;piece;singular/plural
pigments;pigment;singular/plural
pilgrims;pilgrim;singular/plural
pines;pine;singular/plural
pioneers;pioneer;singular/plural
pipelines;pipeline;singular/plural
pipes;pipe;singular/plural
pistons;piston;singular/plural
pixels;pixel;singular/plural
placements;placement;singular/plural
places;place;singular/plural
plains;plain;singular/plural
planners;planner;singular/plural
plans;plan;singular/plural
plantations;plantation;singular/plural
planters;planter;singular/plural
plants;plant;singular/plural
plastics;plastic;singular/plural
plates;plate;singular/plural
platforms;platform;singular/plural
players;player;singular/plural
playmates;playmate;singular/plural
plywoods;plywood;singular/plural
pods;pod;singular/plural
points;point;singular/plural
polyesters;polyester;singular/plural
polymers;polymer;singular/plural
polyols;polyol;singular/plural
ponds;pond;singular/plural
pongs;pong;singular/plural
pools;pool;singular/plural
portals;portal;singular/plural
portfolios;portfolio;singular/plural
ports;port;singular/plural
potteries;pottery;singular/plural
potters;potter;singular/plural
powerboats;powerboat;singular/plural
powers;power;singular/plural
precisions;precision;singular/plural
precison;precision;
principles;principle;singular/plural
printers;printer;singular/plural
prints;print;singular/plural
probes;probe;singular/plural
processors;processor;singular/plural
producers;producer;singular/plural
productions;production;singular/plural
products;product;singular/plural
professionals;professional;singular/plural
profiles;profile;singular/plural
profits;profit;singular/plural
programmes;programme;singular/plural
programs;program;singular/plural
projects;project;singular/plural
proles;prole;singular/plural
promotions;promotion;singular/plural
properties;property;singular/plural
pros;pro;singular/plural
prospects;prospect;singular/plural
proteins;protein;singular/plural
providers;provider;singular/plural
provinces;province;singular/plural
publications;publication;singular/plural
publics;public;singular/plural
publishers;publisher;singular/plural
pumps;pump;singular/plural
pyramids;pyramid;singular/plural
quants;quant;singular/plural
quarries;quarry;singular/plural
quarters;quarter;singular/plural
quays;quay;singular/plural
queens;queen;singular/plural
quintiles;quintile;singular/plural
quotes;quote;singular/plural
raffles;raffle;singular/plural
raiders;raider;singular/plural
railways;railway;singular/plural
rams;ram;singular/plural
rangers;ranger;singular/plural
ranks;rank;singular/plural
ratings;rating;singular/plural
readers;reader;singular/plural
realisations;realisation;singular/plural
realities;reality;singular/plural
realms;realm;singular/plural
realtors;realtor;singular/plural
realty;reality;
reassurances;reassurance;singular/plural
receipts;receipt;singular/plural
receivables;receivable;singular/plural
recons;recon;singular/plural
records;record;singular/plural
rectifiers;rectifier;singular/plural
reds;red;singular/plural
redwoods;redwood;singular/plural
reeds;reed;singular/plural
reefs;reef;singular/plural
reeves;reeve;singular/plural
refineries;refinery;singular/plural
refractories;refractory;singular/plural
refreshments;refreshment;singular/plural
refrigerators;refrigerator;singular/plural
regions;region;singular/plural
registrars;registrar;singular/plural
regs;reg;singular/plural
reis;real;singular/plural
relations;relation;singular/plural
remedies;remedy;singular/plural
renewables;renewable;singular/plural
rentals;rental;singular/plural
rents;rent;singular/plural
reprises;reprise;singular/plural
reservations;reservation;singular/plural
reserves;reserve;singular/plural
residences;residence;singular/plural
resins;resin;singular/plural
resorts;resort;singular/plural
resources;resource;singular/plural
restaurants;restaurant;singular/plural
results;result;singular/plural
retailers;retailer;singular/plural
retails;retail;singular/plural
returns;return;singular/plural
reversions;reversion;singular/plural
revolutions;revolution;singular/plural
rewards;reward;singular/plural
rhythms;rhythm;singular/plural
rights;right;singular/plural
rings;ring;singular/plural
rinks;rink;singular/plural
risks;risk;singular/plural
rivers;river;singular/plural
rms;rm;singular/plural
roads;road;singular/plural
roadways;roadway;singular/plural
robotics;robotic;singular/plural
rocks;rock;singular/plural
roder;roeder;
rolls;roll;singular/plural
romans;roman;singular/plural
roots;root;singular/plural
ropes;rope;singular/plural
roses;rose;singular/plural
rotas;rota;singular/plural
rouges;rouge;singular/plural
royalties;royalty;singular/plural
rubbers;rubber;singular/plural
ruitai;rutai;
runs;run;singular/plural
sables;sable;singular/plural
sacs;sac;singular/plural
safeguards;safeguard;singular/plural
saints;saint;singular/plural
salam;salaam;
salamis;salami;singular/plural
sales;sale;singular/plural
sanayi;sanyi;
sanayii;sanyi;
sanctuaries;sanctuary;singular/plural
sands;sand;singular/plural
sapphires;sapphire;singular/plural
satelite;satellite;
satellites;satellite;singular/plural
savers;saver;singular/plural
savings;saving;
scales;scale;singular/plural
scanners;scanner;singular/plural
schools;school;singular/plural
schweizerischen;schweizerische;
sciences;science;singular/plural
scooters;scooter;singular/plural
scores;score;singular/plural
screws;screw;singular/plural
scripts;script;singular/plural
seafoods;seafood;singular/plural
seals;seal;singular/plural
sears;sear;singular/plural
seas;sea;singular/plural
seasonings;seasoning;singular/plural
seasons;season;singular/plural
seats;seat;singular/plural
secondaries;secondary;singular/plural
secs;sec;singular/plural
sectors;sector;singular/plural
securities;security;singular/plural
seeds;seed;singular/plural
seekers;seeker;singular/plural
semestra;semesta;
semiconductors;semiconductor;singular/plural
sensors;sensor;singular/plural
services;service;singular/plural
sessions;session;singular/plural
settlements;settlement;singular/plural
shaanxi;shanxi;
shades;shade;singular/plural
shams;sham;singular/plural
shandong;shangdong;
shapes;shape;singular/plural
shareholders;shareholder;singular/plural
shareholdings;shareholding;singular/plural
shares;share;singular/plural
sharps;sharp;singular/plural
shells;shell;singular/plural
shields;shield;singular/plural
shipowners;shipowner;singular/plural
ships;ship;singular/plural
shipyards;shipyard;singular/plural
shires;shire;singular/plural
shis;shi;singular/plural
shoes;shoe;singular/plural
shoppers;shopper;singular/plural
shops;shop;singular/plural
shores;shore;singular/plural
shutters;shutter;singular/plural
sibs;sib;singular/plural
sieges;siege;singular/plural
signatures;signature;singular/plural
signs;sign;singular/plural
silicates;silicate;singular/plural
silicones;silicone;singular/plural
silos;silo;singular/plural
simulations;simulation;singular/plural
sinkers;sinker;singular/plural
sites;site;singular/plural
situations;situation;singular/plural
skies;sky;singular/plural
skins;skin;singular/plural
skis;ski;singular/plural
smarts;smart;singular/plural
smiles;smile;singular/plural
smith and turnr;smith and turner;
smiths;smith;singular/plural
snacks;snack;singular/plural
sockets;socket;singular/plural
sodas;soda;singular/plural
softwares;software;
solomons;solomon;singular/plural
solos;solo;singular/plural
solutions;solution;singular/plural
sons;son;singular/plural
souls;soul;singular/plural
sources;source;singular/plural
spares;spare;singular/plural
speakers;speaker;singular/plural
specialists;specialist;singular/plural
specialities;speciality;
specialties;speciality;
specialty;speciality;
specs;spec;singular/plural
spencers;spencer;singular/plural
spies;spy;singular/plural
spinners;spinner;singular/plural
spirits;spirit;singular/plural
spits;spit;singular/plural
spokes;spoke;singular/plural
sports;sport;singular/plural
springs;spring;singular/plural
sprouts;sprout;singular/plural
stakeholders;stakeholder;singular/plural
stamps;stamp;singular/plural
staples;staple;singular/plural
stars;star;singular/plural
starts;start;singular/plural
states;state;singular/plural
stations;station;singular/plural
steels;steel;singular/plural
steers;steer;singular/plural
stockbrokers;stockbroker;singular/plural
stocks;stock;singular/plural
stokes;stoke;singular/plural
stores;store;singular/plural
storeys;storey;singular/plural
stoves;stove;singular/plural
straits;strait;singular/plural
strategies;strategy;singular/plural
streamlines;streamline;singular/plural
streams;stream;singular/plural
striders;strider;singular/plural
strides;stride;singular/plural
strikes;strike;singular/plural
strips;strip;singular/plural
structures;structure;singular/plural
struggles;struggle;singular/plural
studios;studio;singular/plural
styles;style;singular/plural
submarines;submarine;singular/plural
subs;sub;singular/plural
sues;sue;singular/plural
sugars;sugar;singular/plural
suites;suite;singular/plural
suits;suit;singular/plural
supermarkets;supermarket;singular/plural
superstores;superstore;singular/plural
superstructures;superstructure;singular/plural
supplements;supplement;singular/plural
suppliers;supplier;singular/plural
supplies;supply;singular/plural
surfactants;surfactant;singular/plural
surv;survey;
surveys;survey;singular/plural
sweeteners;sweetener;singular/plural
sweets;sweet;singular/plural
switches;switch;singular/plural
syndicates;syndicate;singular/plural
synergies;synergy;singular/plural
synthetics;synthetic;singular/plural
systemes;system;
systems;system;singular/plural
talkies;talkie;singular/plural
talks;talk;singular/plural
tams;tam;singular/plural
tankers;tanker;singular/plural
tanknology;tankology;
taps;tap;singular/plural
taverns;tavern;singular/plural
teachers;teacher;singular/plural
teams;team;singular/plural
teas;tea;singular/plural
tech;technology;
technics;technic;singular/plural
techniques;technique;singular/plural
technocrats;technocrat;singular/plural
technolgy;technology;
technologies;technology;
technology ;technology;
technologya;technology;
technologyh;technology;
technologyi;technology;
teens;teen;singular/plural
tees;tee;singular/plural
telecommunicaciones;telecomunicaciones;
telecommunications;telecommunication;singular/plural
telecoms;telecom;singular/plural
telecomunications;telecommunication;
televisions;television;singular/plural
tellings;telling;singular/plural
templates;template;singular/plural
tenders;tender;singular/plural
terminals;terminal;singular/plural
termolectrica;termoelectrica;
textbooks;textbook;singular/plural
textiles;textile;singular/plural
thalmann;thalman;
theaters;theater;singular/plural
theatres;theatre;singular/plural
theraphy;therapy;
therapies;therapy;singular/plural
thermatech;thermatec;
thermoplastics;thermoplastic;singular/plural
things;thing;singular/plural
thoroughbreds;thoroughbred;singular/plural
tickets;ticket;singular/plural
tiers;tier;singular/plural
tigers;tiger;singular/plural
tiles;tile;singular/plural
tillers;tiller;singular/plural
timbers;timber;singular/plural
times;time;singular/plural
tips;tip;singular/plural
tires;tire;singular/plural
tis;this;singular/plural
titans;titan;singular/plural
todays;today;singular/plural
tomorrows;tomorrow;singular/plural
toms;tom;singular/plural
toners;toner;singular/plural
tons;ton;singular/plural
tools;tool;singular/plural
tops;top;singular/plural
tours;tour;singular/plural
towels;towel;singular/plural
towers;tower;singular/plural
towns;town;singular/plural
toys;toy;singular/plural
trackers;tracker;singular/plural
tracks;track;singular/plural
tractors;tractor;singular/plural
traders;trader;singular/plural
trades;trade;singular/plural
trailers;trailer;singular/plural
trails;trail;singular/plural
trainers;trainer;singular/plural
trains;train;singular/plural
tramways;tramway;singular/plural
transactions;transaction;singular/plural
transformers;transformer;singular/plural
transforms;transform;singular/plural
transitions;transition;singular/plural
transmissions;transmission;singular/plural
transporters;transporter;singular/plural
transports;transport;singular/plural
travelers;traveler;singular/plural
travellers;traveller;singular/plural
travels;travel;singular/plural
treads;tread;singular/plural
treasurers;treasurer;singular/plural
treasures;treasure;singular/plural
treasuries;treasury;singular/plural
treats;treat;singular/plural
trees;tree;singular/plural
trends;trend;singular/plural
trucks;truck;singular/plural
trumps;trump;singular/plural
trustees;trustee;singular/plural
trusts;trust;singular/plural
tubes;tube;singular/plural
tubings;tubing;singular/plural
tunas;tuna;singular/plural
tunisie;tunisia;
turbines;turbine;singular/plural
turks;turk;singular/plural
turners;turner;singular/plural
tvs;tv;singular/plural
twisters;twister;singular/plural
tycoons;tycoon;singular/plural
tyres;tyre;singular/plural
tyros;tyro;singular/plural
ums;um;singular/plural
uncles;uncle;singular/plural
und;and;
underwriters;underwriter;singular/plural
unions;union;singular/plural
units;unit;singular/plural
universities;university;singular/plural
ups;up;singular/plural
ushers;usher;singular/plural
ustra;uestra;
utilities;utility;singular/plural
vacations;vacation;singular/plural
vaccines;vaccine;singular/plural
valleys;valley;singular/plural
values;value;singular/plural
valves;valve;singular/plural
vans;van;singular/plural
vas;va;singular/plural
vcs;vc;singular/plural
vectors;vector;singular/plural
vegas;vega;singular/plural
vehicles;vehicle;singular/plural
vennture;venture;
ventures;venture;singular/plural
vermogensverwaltungs;vermogensverwaltung;
versicherungs;versicherung;
vessels;vessel;singular/plural
views;view;singular/plural
villages;village;singular/plural
villas;villa;singular/plural
vineyards;vineyard;singular/plural
vintners;vintner;singular/plural
vinyls;vinyl;singular/plural
visions;vision;singular/plural
vistas;vista;singular/plural
volksfursorge;volksfuersorge;
vouliagmenis;vouliagmeni;
voyages;voyage;singular/plural
wades;wade;singular/plural
wagons;wagon;singular/plural
wales;wale;singular/plural
walkers;walker;singular/plural
walls;wall;singular/plural
warehouses;warehouse;singular/plural
wares;ware;singular/plural
warrants;warrant;singular/plural
waters;water;singular/plural
watts;watt;singular/plural
waves;wave;singular/plural
ways;way;singular/plural
weavers;weaver;singular/plural
weds;wed;singular/plural
weeks;week;singular/plural
wells;well;singular/plural
wharves;wharf;singular/plural
wheels;wheel;singular/plural
widows;widow;singular/plural
windmills;windmill;singular/plural
winds;wind;singular/plural
wineries;winery;singular/plural
wines;wine;singular/plural
wings;wing;singular/plural
winners;winner;singular/plural
wins;win;singular/plural
wires;wire;singular/plural
wits;wit;singular/plural
wonders;wonder;singular/plural
woods;wood;singular/plural
woollens;woollen;singular/plural
workings;working;singular/plural
works;work;singular/plural
worlds;world;singular/plural
worms;worm;singular/plural
wurttemberg;wuerttemberg;
yachts;yacht;singular/plural
yards;yard;singular/plural
yarns;yarn;singular/plural
yatirimlar;yatirmlar;
years;year;singular/plural
yips;yip;singular/plural
zanders;zander;singular/plural
zeros;zero;singular/plural
zhongguang;zhonguang;
zones;zone;singular/plural
zurcher;zuercher;
<<<<<<< HEAD
vct;venture capital trust;
reit;real estate investment trust;
=======
>>>>>>> 5bee9322e471aa5caa34e38bdb38fc23bdf9259b
