lemma;term
accretable;accretable
acquiree;acquirees
aggregator;aggregators
amortize;amortizable
annuality;annualities
annualize;annualization
annuatize;annuitization
arrearage;arrear
arrearage;arrearages
arrearage;arrears
auditable;auditability
bancassurance;bancassurances
betterment;betterments
borrowing;borrowings
broadband;broadbanding
building;buildings
calendarize;calendarization
cancel;cancelable
cancelation;cancelations
cancel;canceled
cancel;canceling
cannibalize;cannibalization
cannot;cant
chairwoman;chairwomans
circularize;circularization
circularize;circularizations
collateralize;collateralization
collateralize;collateralizations
collateralize;collateralized
collateralize;collateralizing
collectible;collectibility
congressional;congressionally
contractee;contractees
controllership;controllerships
counsel;counseling
cyclical;cyclicality
deconsolidate;deconsolidated
deconsolidate;deconsolidation
defer;deferrable
deleverage;deleveraging
demontize;demontization
demutualize;demutualization
depositary;depositaries
derecognize;derecognized
derecognize;derecognizing
dilution;diluted
dilution;dilutive
discontinuance;discontinuances
dishonor;dishonored
divestiture;divestitures
drawing;drawings
earning;earnings
escape;escapable
eurobank;eurobanks
exchangeable;exchangeability
expiration;expirations
forfeit;forfeitable
frachise;frachised
frachisor;frachisors
frontload;frontloaded
fungible;fungibles
holding;holdings
honorable;honorability
hyperlink;hyperlinks
incurrence;incurrences
indemnification;indemnifications
insource;insourcing
instate;instatement
investee;investees
journalize;journalizing
linearity;linearities
monetize;monetized
mutualize;mutualization
number;numbers
onboard;onboarding
overage;overaged
postpone;postponable
reacquisition;reacquisitions
realizable;realizability
reaudit;reaudited
reaudit;reaudits
recontract;recontracted
recontract;recontracting
recoverable;recoverables
registeraccountant;registeraccountants
releverage;releveraged
releverage;releveraging
remeasurement;remeasurements
remittable;remittability
repledge;repledged
repledge;repledging
requisition;requisitions
retrocede;retroceding
revalorize;revalorization
revalorize;revalorized
securitize;securitization
securitize;securitizations
servicer;servicers
stockout;stockouts
swaption;swaptions
terotechnology;terotechnologies
tobin;tobins
unamortize;unamortized
unapply;unapplied
unassert;unasserted
unassume;unassumed
uncollateralize;uncollateralized
uncollectible;uncollectibility
uncollectible;uncollectibles
undeposit;undeposited
underlift;underlifted
underlift;underlifting
undetach;undetachable
undistribute;undistributable
unfrank;unfranked
unguarantee;unguaranteed
uniting;unitings
unitize;unitization
unitize;unitized
unpresent;unpresented
unvest;unvested
whistleblow;whistleblowing
withholding;withholdings
weighting;weightings
taking;takings
acceptable;acceptableness
accreditable;accreditable
acturial;acturial
biller;billers
bitcoin;bitcoins
cameralistic;cameralistic
cedant;cedant
cedant;cedants
dwelling;dwellings
filing;filings
financing;financings
finding;findings
fiscalist;fiscalists
fitting;fittings
found;founded
freemium;freemiums
garnishment;garnishments
grouping;groupings
heading;headings
include;includible
inclusive;inclusivity
mine;mines
organogram;organograms
payor;payors
pegboard;pegboards
phishing;phishing
proceeding;proceedings
proration;proration
putable;putable
quease;queasing
rating;ratings
restructuring;restructurings
ruling;rulings
saving;savings
shot;shots
tranching;tranchings
furnishing;furnishings
live;lives
entity;entities
vocalink;vocalink
usance;usance
ullage;ullage
stumpage;stumpage
smurfing;smurfing
sincom;sincom
settle;settleable
rotable;rotables
retainage;retainage
millage;millage
marshal;marshaling
marshal;marshaled
marshal;marshalling
marshal;marshalled
inventoriable;inventoriable
indorsement;indorsement
hypothecation;hypothecation
euroization;euroization
emption;emption
domicil;domicil
decedent;decedents
decretion;decretions
collateralor;collateralors
cognovit;cognovit
defalcation;defalcation
commorientes;commorientes
defeasance;defeasance
mark;markable
imburse;imbursement
meeting;meetings
counselor;counselors
thought;thoughts
keeper;keepers
side;sides
journal;journaled
journal;journaling
floraison;floraisons
tailing;tailings
holdee;holdees
ultimate;ultimated
total;totable
ground;grounds
oceanian;oceanian
emiratize;emiratization
emiratize;emiratizing
relend;relending
levelize;levelized
levelize;levelizing
