uk;us;origin
accessorise;accessorize;tysto.com
accessorised;accessorized;tysto.com
accessorises;accessorizes;tysto.com
accessorising;accessorizing;tysto.com
acclimatisation;acclimatization;tysto.com
acclimatise;acclimatize;tysto.com
acclimatised;acclimatized;tysto.com
acclimatises;acclimatizes;tysto.com
acclimatising;acclimatizing;tysto.com
accoutrements;accouterments;tysto.com
aeon;eon;tysto.com
aeons;eons;tysto.com
aerogramme;aerogram;tysto.com
aerogrammes;aerograms;tysto.com
aeroplane;airplane;tysto.com
aeroplanes;airplanes;tysto.com
aesthete;esthete;tysto.com
aesthetes;esthetes;tysto.com
aesthetic;esthetic;tysto.com
aesthetically;esthetically;tysto.com
aesthetics;esthetics;tysto.com
aetiology;etiology;tysto.com
ageing;aging;tysto.com
aggrandisement;aggrandizement;tysto.com
agonise;agonize;tysto.com
agonised;agonized;tysto.com
agonises;agonizes;tysto.com
agonising;agonizing;tysto.com
agonisingly;agonizingly;tysto.com
almanack;almanac;tysto.com
almanacks;almanacs;tysto.com
aluminium;aluminum;tysto.com
amortisable;amortizable;tysto.com
amortisation;amortization;tysto.com
amortisations;amortizations;tysto.com
amortise;amortize;tysto.com
amortised;amortized;tysto.com
amortises;amortizes;tysto.com
amortising;amortizing;tysto.com
amphitheatre;amphitheater;tysto.com
amphitheatres;amphitheaters;tysto.com
anaemia;anemia;tysto.com
anaemic;anemic;tysto.com
anaesthesia;anesthesia;tysto.com
anaesthetic;anesthetic;tysto.com
anaesthetics;anesthetics;tysto.com
anaesthetise;anesthetize;tysto.com
anaesthetised;anesthetized;tysto.com
anaesthetises;anesthetizes;tysto.com
anaesthetising;anesthetizing;tysto.com
anaesthetist;anesthetist;tysto.com
anaesthetists;anesthetists;tysto.com
anaesthetize;anesthetize;tysto.com
anaesthetized;anesthetized;tysto.com
anaesthetizes;anesthetizes;tysto.com
anaesthetizing;anesthetizing;tysto.com
analogue;analog;tysto.com
analogues;analogs;tysto.com
analyse;analyze;tysto.com
analysed;analyzed;tysto.com
analyses;analyzes;tysto.com
analysing;analyzing;tysto.com
anglicise;anglicize;tysto.com
anglicised;anglicized;tysto.com
anglicises;anglicizes;tysto.com
anglicising;anglicizing;tysto.com
annualised;annualized;tysto.com
annuitisation;annuitization;tysto.com
antagonise;antagonize;tysto.com
antagonised;antagonized;tysto.com
antagonises;antagonizes;tysto.com
antagonising;antagonizing;tysto.com
apologise;apologize;tysto.com
apologised;apologized;tysto.com
apologises;apologizes;tysto.com
apologising;apologizing;tysto.com
appal;appall;tysto.com
appals;appalls;tysto.com
appetiser;appetizer;tysto.com
appetisers;appetizers;tysto.com
appetising;appetizing;tysto.com
appetisingly;appetizingly;tysto.com
arbour;arbor;tysto.com
arbours;arbors;tysto.com
archaeological;archeological;tysto.com
archaeologically;archeologically;tysto.com
archaeologist;archeologist;tysto.com
archaeologists;archeologists;tysto.com
archaeology;archeology;tysto.com
ardour;ardor;tysto.com
armour;armor;tysto.com
armoured;armored;tysto.com
armourer;armorer;tysto.com
armourers;armorers;tysto.com
armouries;armories;tysto.com
armoury;armory;tysto.com
artefact;artifact;tysto.com
artefacts;artifacts;tysto.com
authorise;authorize;tysto.com
authorised;authorized;tysto.com
authorises;authorizes;tysto.com
authorising;authorizing;tysto.com
axe;ax;tysto.com
backpedalled;backpedaled;tysto.com
backpedalling;backpedaling;tysto.com
bannister;banister;tysto.com
bannisters;banisters;tysto.com
baptise;baptize;tysto.com
baptised;baptized;tysto.com
baptises;baptizes;tysto.com
baptising;baptizing;tysto.com
bastardise;bastardize;tysto.com
bastardised;bastardized;tysto.com
bastardises;bastardizes;tysto.com
bastardising;bastardizing;tysto.com
battleaxe;battleax;tysto.com
baulk;balk;tysto.com
baulked;balked;tysto.com
baulking;balking;tysto.com
baulks;balks;tysto.com
bedevilled;bedeviled;tysto.com
bedevilling;bedeviling;tysto.com
behaviour;behavior;tysto.com
behavioural;behavioral;tysto.com
behaviourism;behaviorism;tysto.com
behaviourist;behaviorist;tysto.com
behaviourists;behaviorists;tysto.com
behaviours;behaviors;tysto.com
behove;behoove;tysto.com
behoved;behooved;tysto.com
behoves;behooves;tysto.com
bejewelled;bejeweled;tysto.com
belabour;belabor;tysto.com
belaboured;belabored;tysto.com
belabouring;belaboring;tysto.com
belabours;belabors;tysto.com
bevelled;beveled;tysto.com
bevvies;bevies;tysto.com
bevvy;bevy;tysto.com
biassed;biased;tysto.com
biassing;biasing;tysto.com
bingeing;binging;tysto.com
bougainvillaea;bougainvillea;tysto.com
bougainvillaeas;bougainvilleas;tysto.com
bowdlerise;bowdlerize;tysto.com
bowdlerised;bowdlerized;tysto.com
bowdlerises;bowdlerizes;tysto.com
bowdlerising;bowdlerizing;tysto.com
breathalyse;breathalyze;tysto.com
breathalysed;breathalyzed;tysto.com
breathalyser;breathalyzer;tysto.com
breathalysers;breathalyzers;tysto.com
breathalyses;breathalyzes;tysto.com
breathalysing;breathalyzing;tysto.com
brutalise;brutalize;tysto.com
brutalised;brutalized;tysto.com
brutalises;brutalizes;tysto.com
brutalising;brutalizing;tysto.com
buses;busses;tysto.com
busing;bussing;tysto.com
caesarean;cesarean;tysto.com
caesareans;cesareans;tysto.com
calibre;caliber;tysto.com
calibres;calibers;tysto.com
calliper;caliper;tysto.com
callipers;calipers;tysto.com
callisthenics;calisthenics;tysto.com
canalise;canalize;tysto.com
canalised;canalized;tysto.com
canalises;canalizes;tysto.com
canalising;canalizing;tysto.com
cancellation;cancelation;tysto.com
cancellations;cancelations;tysto.com
cancelled;canceled;tysto.com
cancelling;canceling;tysto.com
candour;candor;tysto.com
cannibalise;cannibalize;tysto.com
cannibalised;cannibalized;tysto.com
cannibalises;cannibalizes;tysto.com
cannibalising;cannibalizing;tysto.com
canonise;canonize;tysto.com
canonised;canonized;tysto.com
canonises;canonizes;tysto.com
canonising;canonizing;tysto.com
capitalise;capitalize;tysto.com
capitalised;capitalized;tysto.com
capitalises;capitalizes;tysto.com
capitalising;capitalizing;tysto.com
caramelise;caramelize;tysto.com
caramelised;caramelized;tysto.com
caramelises;caramelizes;tysto.com
caramelising;caramelizing;tysto.com
carbonise;carbonize;tysto.com
carbonised;carbonized;tysto.com
carbonises;carbonizes;tysto.com
carbonising;carbonizing;tysto.com
carolled;caroled;tysto.com
carolling;caroling;tysto.com
catalogue;catalog;tysto.com
catalogued;cataloged;tysto.com
catalogues;catalogs;tysto.com
cataloguing;cataloging;tysto.com
catalyse;catalyze;tysto.com
catalysed;catalyzed;tysto.com
catalyses;catalyzes;tysto.com
catalysing;catalyzing;tysto.com
categorise;categorize;tysto.com
categorised;categorized;tysto.com
categorises;categorizes;tysto.com
categorising;categorizing;tysto.com
cauterise;cauterize;tysto.com
cauterised;cauterized;tysto.com
cauterises;cauterizes;tysto.com
cauterising;cauterizing;tysto.com
cavilled;caviled;tysto.com
cavilling;caviling;tysto.com
centigramme;centigram;tysto.com
centigrammes;centigrams;tysto.com
centilitre;centiliter;tysto.com
centilitres;centiliters;tysto.com
centimetre;centimeter;tysto.com
centimetres;centimeters;tysto.com
centralise;centralize;tysto.com
centralised;centralized;tysto.com
centralises;centralizes;tysto.com
centralising;centralizing;tysto.com
centre;center;tysto.com
centred;centered;tysto.com
centrefold;centerfold;tysto.com
centrefolds;centerfolds;tysto.com
centrepiece;centerpiece;tysto.com
centrepieces;centerpieces;tysto.com
centres;centers;tysto.com
channelled;channeled;tysto.com
channelling;channeling;tysto.com
characterise;characterize;tysto.com
characterised;characterized;tysto.com
characterises;characterizes;tysto.com
characterising;characterizing;tysto.com
checque;check;tysto.com
cheque;check;tysto.com
chequebook;checkbook;tysto.com
chequebooks;checkbooks;tysto.com
chequered;checkered;tysto.com
cheques;checks;tysto.com
chilli;chili;tysto.com
chimaera;chimera;tysto.com
chimaeras;chimeras;tysto.com
chiselled;chiseled;tysto.com
chiselling;chiseling;tysto.com
circularise;circularize;tysto.com
circularised;circularized;tysto.com
circularises;circularizes;tysto.com
circularising;circularizing;tysto.com
civilise;civilize;tysto.com
civilised;civilized;tysto.com
civilises;civilizes;tysto.com
civilising;civilizing;tysto.com
clamour;clamor;tysto.com
clamoured;clamored;tysto.com
clamouring;clamoring;tysto.com
clamours;clamors;tysto.com
clangour;clangor;tysto.com
clarinettist;clarinetist;tysto.com
clarinettists;clarinetists;tysto.com
collateralised;collateralized;tysto.com
collectivise;collectivize;tysto.com
collectivised;collectivized;tysto.com
collectivises;collectivizes;tysto.com
collectivising;collectivizing;tysto.com
colonisation;colonization;tysto.com
colonise;colonize;tysto.com
colonised;colonized;tysto.com
coloniser;colonizer;tysto.com
colonisers;colonizers;tysto.com
colonises;colonizes;tysto.com
colonising;colonizing;tysto.com
colour;color;tysto.com
colourant;colorant;tysto.com
colourants;colorants;tysto.com
coloured;colored;tysto.com
coloureds;coloreds;tysto.com
colourful;colorful;tysto.com
colourfully;colorfully;tysto.com
colouring;coloring;tysto.com
colourize;colorize;tysto.com
colourized;colorized;tysto.com
colourizes;colorizes;tysto.com
colourizing;colorizing;tysto.com
colourless;colorless;tysto.com
colours;colors;tysto.com
commercialise;commercialize;tysto.com
commercialised;commercialized;tysto.com
commercialises;commercializes;tysto.com
commercialising;commercializing;tysto.com
compartmentalise;compartmentalize;tysto.com
compartmentalised;compartmentalized;tysto.com
compartmentalises;compartmentalizes;tysto.com
compartmentalising;compartmentalizing;tysto.com
computerise;computerize;tysto.com
computerised;computerized;tysto.com
computerises;computerizes;tysto.com
computerising;computerizing;tysto.com
conceptualise;conceptualize;tysto.com
conceptualised;conceptualized;tysto.com
conceptualises;conceptualizes;tysto.com
conceptualising;conceptualizing;tysto.com
connexion;connection;tysto.com
connexions;connections;tysto.com
contextualise;contextualize;tysto.com
contextualised;contextualized;tysto.com
contextualises;contextualizes;tysto.com
contextualising;contextualizing;tysto.com
cosier;cozier;tysto.com
cosies;cozies;tysto.com
cosiest;coziest;tysto.com
cosily;cozily;tysto.com
cosiness;coziness;tysto.com
cosy;cozy;tysto.com
councillor;councilor;tysto.com
councillors;councilors;tysto.com
counselled;counseled;tysto.com
counselling;counseling;tysto.com
counsellor;counselor;tysto.com
counsellors;counselors;tysto.com
crenellated;crenelated;tysto.com
criminalise;criminalize;tysto.com
criminalised;criminalized;tysto.com
criminalises;criminalizes;tysto.com
criminalising;criminalizing;tysto.com
criticise;criticize;tysto.com
criticised;criticized;tysto.com
criticises;criticizes;tysto.com
criticising;criticizing;tysto.com
crueller;crueler;tysto.com
cruellest;cruelest;tysto.com
crystallisation;crystallization;tysto.com
crystallise;crystallize;tysto.com
crystallised;crystallized;tysto.com
crystallises;crystallizes;tysto.com
crystallising;crystallizing;tysto.com
cudgelled;cudgeled;tysto.com
cudgelling;cudgeling;tysto.com
customise;customize;tysto.com
customised;customized;tysto.com
customises;customizes;tysto.com
customising;customizing;tysto.com
cypher;cipher;tysto.com
cyphers;ciphers;tysto.com
decentralisation;decentralization;tysto.com
decentralise;decentralize;tysto.com
decentralised;decentralized;tysto.com
decentralises;decentralizes;tysto.com
decentralising;decentralizing;tysto.com
decriminalisation;decriminalization;tysto.com
decriminalise;decriminalize;tysto.com
decriminalised;decriminalized;tysto.com
decriminalises;decriminalizes;tysto.com
decriminalising;decriminalizing;tysto.com
defence;defense;tysto.com
defenceless;defenseless;tysto.com
defences;defenses;tysto.com
dehumanisation;dehumanization;tysto.com
dehumanise;dehumanize;tysto.com
dehumanised;dehumanized;tysto.com
dehumanises;dehumanizes;tysto.com
dehumanising;dehumanizing;tysto.com
demeanour;demeanor;tysto.com
demilitarisation;demilitarization;tysto.com
demilitarise;demilitarize;tysto.com
demilitarised;demilitarized;tysto.com
demilitarises;demilitarizes;tysto.com
demilitarising;demilitarizing;tysto.com
demobilisation;demobilization;tysto.com
demobilise;demobilize;tysto.com
demobilised;demobilized;tysto.com
demobilises;demobilizes;tysto.com
demobilising;demobilizing;tysto.com
democratisation;democratization;tysto.com
democratise;democratize;tysto.com
democratised;democratized;tysto.com
democratises;democratizes;tysto.com
democratising;democratizing;tysto.com
demonetisation;demontization;tysto.com
demonise;demonize;tysto.com
demonised;demonized;tysto.com
demonises;demonizes;tysto.com
demonising;demonizing;tysto.com
demoralisation;demoralization;tysto.com
demoralise;demoralize;tysto.com
demoralised;demoralized;tysto.com
demoralises;demoralizes;tysto.com
demoralising;demoralizing;tysto.com
denationalisation;denationalization;tysto.com
denationalise;denationalize;tysto.com
denationalised;denationalized;tysto.com
denationalises;denationalizes;tysto.com
denationalising;denationalizing;tysto.com
deodorise;deodorize;tysto.com
deodorised;deodorized;tysto.com
deodorises;deodorizes;tysto.com
deodorising;deodorizing;tysto.com
depersonalise;depersonalize;tysto.com
depersonalised;depersonalized;tysto.com
depersonalises;depersonalizes;tysto.com
depersonalising;depersonalizing;tysto.com
deputise;deputize;tysto.com
deputised;deputized;tysto.com
deputises;deputizes;tysto.com
deputising;deputizing;tysto.com
desensitisation;desensitization;tysto.com
desensitise;desensitize;tysto.com
desensitised;desensitized;tysto.com
desensitises;desensitizes;tysto.com
desensitising;desensitizing;tysto.com
destabilisation;destabilization;tysto.com
destabilise;destabilize;tysto.com
destabilised;destabilized;tysto.com
destabilises;destabilizes;tysto.com
destabilising;destabilizing;tysto.com
dialled;dialed;tysto.com
dialling;dialing;tysto.com
dialogue;dialog;tysto.com
dialogues;dialogs;tysto.com
diarrhoea;diarrhea;tysto.com
digitise;digitize;tysto.com
digitised;digitized;tysto.com
digitises;digitizes;tysto.com
digitising;digitizing;tysto.com
disc;disk;tysto.com
discolour;discolor;tysto.com
discoloured;discolored;tysto.com
discolouring;discoloring;tysto.com
discolours;discolors;tysto.com
discs;disks;tysto.com
disembowelled;disemboweled;tysto.com
disembowelling;disemboweling;tysto.com
disfavour;disfavor;tysto.com
dishevelled;disheveled;tysto.com
dishonour;dishonor;tysto.com
dishonourable;dishonorable;tysto.com
dishonourably;dishonorably;tysto.com
dishonoured;dishonored;tysto.com
dishonouring;dishonoring;tysto.com
dishonours;dishonors;tysto.com
disorganisation;disorganization;tysto.com
disorganised;disorganized;tysto.com
distil;distill;tysto.com
distils;distills;tysto.com
dramatisation;dramatization;tysto.com
dramatisations;dramatizations;tysto.com
dramatise;dramatize;tysto.com
dramatised;dramatized;tysto.com
dramatises;dramatizes;tysto.com
dramatising;dramatizing;tysto.com
draught;draft;tysto.com
draughtboard;draftboard;tysto.com
draughtboards;draftboards;tysto.com
draughtier;draftier;tysto.com
draughtiest;draftiest;tysto.com
draughts;drafts;tysto.com
draughtsman;draftsman;tysto.com
draughtsmanship;draftsmanship;tysto.com
draughtsmen;draftsmen;tysto.com
draughtswoman;draftswoman;tysto.com
draughtswomen;draftswomen;tysto.com
draughty;drafty;tysto.com
drivelled;driveled;tysto.com
drivelling;driveling;tysto.com
duelled;dueled;tysto.com
duelling;dueling;tysto.com
economise;economize;tysto.com
economised;economized;tysto.com
economises;economizes;tysto.com
economising;economizing;tysto.com
editorialise;editorialize;tysto.com
editorialised;editorialized;tysto.com
editorialises;editorializes;tysto.com
editorialising;editorializing;tysto.com
edoema;edema;tysto.com
empathise;empathize;tysto.com
empathised;empathized;tysto.com
empathises;empathizes;tysto.com
empathising;empathizing;tysto.com
emphasise;emphasize;tysto.com
emphasised;emphasized;tysto.com
emphasises;emphasizes;tysto.com
emphasising;emphasizing;tysto.com
enamelled;enameled;tysto.com
enamelling;enameling;tysto.com
enamoured;enamored;tysto.com
encyclopaedia;encyclopedia;tysto.com
encyclopaedias;encyclopedias;tysto.com
encyclopaedic;encyclopedic;tysto.com
endeavour;endeavor;tysto.com
endeavoured;endeavored;tysto.com
endeavouring;endeavoring;tysto.com
endeavours;endeavors;tysto.com
energise;energize;tysto.com
energised;energized;tysto.com
energises;energizes;tysto.com
energising;energizing;tysto.com
enrol;enroll;tysto.com
enrols;enrolls;tysto.com
enthral;enthrall;tysto.com
enthrals;enthralls;tysto.com
epaulette;epaulet;tysto.com
epaulettes;epaulets;tysto.com
epicentre;epicenter;tysto.com
epicentres;epicenters;tysto.com
epilogue;epilog;tysto.com
epilogues;epilogs;tysto.com
epitomise;epitomize;tysto.com
epitomised;epitomized;tysto.com
epitomises;epitomizes;tysto.com
epitomising;epitomizing;tysto.com
equalisation;equalization;tysto.com
equalise;equalize;tysto.com
equalised;equalized;tysto.com
equaliser;equalizer;tysto.com
equalisers;equalizers;tysto.com
equalises;equalizes;tysto.com
equalising;equalizing;tysto.com
eulogise;eulogize;tysto.com
eulogised;eulogized;tysto.com
eulogises;eulogizes;tysto.com
eulogising;eulogizing;tysto.com
evangelise;evangelize;tysto.com
evangelised;evangelized;tysto.com
evangelises;evangelizes;tysto.com
evangelising;evangelizing;tysto.com
exorcise;exorcize;tysto.com
exorcised;exorcized;tysto.com
exorcises;exorcizes;tysto.com
exorcising;exorcizing;tysto.com
extemporisation;extemporization;tysto.com
extemporise;extemporize;tysto.com
extemporised;extemporized;tysto.com
extemporises;extemporizes;tysto.com
extemporising;extemporizing;tysto.com
externalisation;externalization;tysto.com
externalisations;externalizations;tysto.com
externalise;externalize;tysto.com
externalised;externalized;tysto.com
externalises;externalizes;tysto.com
externalising;externalizing;tysto.com
factorise;factorize;tysto.com
factorised;factorized;tysto.com
factorises;factorizes;tysto.com
factorising;factorizing;tysto.com
faecal;fecal;tysto.com
faeces;feces;tysto.com
familiarisation;familiarization;tysto.com
familiarise;familiarize;tysto.com
familiarised;familiarized;tysto.com
familiarises;familiarizes;tysto.com
familiarising;familiarizing;tysto.com
fantasise;fantasize;tysto.com
fantasised;fantasized;tysto.com
fantasises;fantasizes;tysto.com
fantasising;fantasizing;tysto.com
favour;favor;tysto.com
favourable;favorable;tysto.com
favourably;favorably;tysto.com
favoured;favored;tysto.com
favouring;favoring;tysto.com
favourite;favorite;tysto.com
favourites;favorites;tysto.com
favouritism;favoritism;tysto.com
favours;favors;tysto.com
feminise;feminize;tysto.com
feminised;feminized;tysto.com
feminises;feminizes;tysto.com
feminising;feminizing;tysto.com
fertilisation;fertilization;tysto.com
fertilise;fertilize;tysto.com
fertilised;fertilized;tysto.com
fertiliser;fertilizer;tysto.com
fertilisers;fertilizers;tysto.com
fertilises;fertilizes;tysto.com
fertilising;fertilizing;tysto.com
fervour;fervor;tysto.com
fibre;fiber;tysto.com
fibreglass;fiberglass;tysto.com
fibres;fibers;tysto.com
fictionalisation;fictionalization;tysto.com
fictionalisations;fictionalizations;tysto.com
fictionalise;fictionalize;tysto.com
fictionalised;fictionalized;tysto.com
fictionalises;fictionalizes;tysto.com
fictionalising;fictionalizing;tysto.com
fillet;filet;tysto.com
filleted;fileted;tysto.com
filleting;fileting;tysto.com
fillets;filets;tysto.com
finalisation;finalization;tysto.com
finalise;finalize;tysto.com
finalised;finalized;tysto.com
finalises;finalizes;tysto.com
finalising;finalizing;tysto.com
flautist;flutist;tysto.com
flautists;flutists;tysto.com
flavour;flavor;tysto.com
flavoured;flavored;tysto.com
flavouring;flavoring;tysto.com
flavourings;flavorings;tysto.com
flavourless;flavorless;tysto.com
flavours;flavors;tysto.com
flavoursome;flavorsome;tysto.com
flyer / flier;flier / flyer;tysto.com
foetal;fetal;tysto.com
foetid;fetid;tysto.com
foetus;fetus;tysto.com
foetuses;fetuses;tysto.com
formalisation;formalization;tysto.com
formalise;formalize;tysto.com
formalised;formalized;tysto.com
formalises;formalizes;tysto.com
formalising;formalizing;tysto.com
fossilisation;fossilization;tysto.com
fossilise;fossilize;tysto.com
fossilised;fossilized;tysto.com
fossilises;fossilizes;tysto.com
fossilising;fossilizing;tysto.com
fraternisation;fraternization;tysto.com
fraternise;fraternize;tysto.com
fraternised;fraternized;tysto.com
fraternises;fraternizes;tysto.com
fraternising;fraternizing;tysto.com
fulfil;fulfill;tysto.com
fulfilment;fulfillment;tysto.com
fulfils;fulfills;tysto.com
funnelled;funneled;tysto.com
funnelling;funneling;tysto.com
galvanise;galvanize;tysto.com
galvanised;galvanized;tysto.com
galvanises;galvanizes;tysto.com
galvanising;galvanizing;tysto.com
gambolled;gamboled;tysto.com
gambolling;gamboling;tysto.com
gaol;jail;tysto.com
gaolbird;jailbird;tysto.com
gaolbirds;jailbirds;tysto.com
gaolbreak;jailbreak;tysto.com
gaolbreaks;jailbreaks;tysto.com
gaoled;jailed;tysto.com
gaoler;jailer;tysto.com
gaolers;jailers;tysto.com
gaoling;jailing;tysto.com
gaols;jails;tysto.com
gases;gasses;tysto.com
gauge;gage;tysto.com
gauged;gaged;tysto.com
gauges;gages;tysto.com
gauging;gaging;tysto.com
generalisation;generalization;tysto.com
generalisations;generalizations;tysto.com
generalise;generalize;tysto.com
generalised;generalized;tysto.com
generalises;generalizes;tysto.com
generalising;generalizing;tysto.com
ghettoise;ghettoize;tysto.com
ghettoised;ghettoized;tysto.com
ghettoises;ghettoizes;tysto.com
ghettoising;ghettoizing;tysto.com
gipsies;gypsies;tysto.com
glamorise;glamorize;tysto.com
glamorised;glamorized;tysto.com
glamorises;glamorizes;tysto.com
glamorising;glamorizing;tysto.com
glamour;glamor;tysto.com
globalisation;globalization;tysto.com
globalise;globalize;tysto.com
globalised;globalized;tysto.com
globalises;globalizes;tysto.com
globalising;globalizing;tysto.com
glueing;gluing;tysto.com
goitre;goiter;tysto.com
goitres;goiters;tysto.com
gonorrhoea;gonorrhea;tysto.com
gramme;gram;tysto.com
grammes;grams;tysto.com
gravelled;graveled;tysto.com
grey;gray;tysto.com
greyed;grayed;tysto.com
greying;graying;tysto.com
greyish;grayish;tysto.com
greyness;grayness;tysto.com
greys;grays;tysto.com
grovelled;groveled;tysto.com
grovelling;groveling;tysto.com
groyne;groin;tysto.com
groynes;groins;tysto.com
gruelling;grueling;tysto.com
gruellingly;gruelingly;tysto.com
gryphon;griffin;tysto.com
gryphons;griffins;tysto.com
gynaecological;gynecological;tysto.com
gynaecologist;gynecologist;tysto.com
gynaecologists;gynecologists;tysto.com
gynaecology;gynecology;tysto.com
haematological;hematological;tysto.com
haematologist;hematologist;tysto.com
haematologists;hematologists;tysto.com
haematology;hematology;tysto.com
haemoglobin;hemoglobin;tysto.com
haemophilia;hemophilia;tysto.com
haemophiliac;hemophiliac;tysto.com
haemophiliacs;hemophiliacs;tysto.com
haemorrhage;hemorrhage;tysto.com
haemorrhaged;hemorrhaged;tysto.com
haemorrhages;hemorrhages;tysto.com
haemorrhaging;hemorrhaging;tysto.com
haemorrhoids;hemorrhoids;tysto.com
harbour;harbor;tysto.com
harboured;harbored;tysto.com
harbouring;harboring;tysto.com
harbours;harbors;tysto.com
harmonisation;harmonization;tysto.com
harmonise;harmonize;tysto.com
harmonised;harmonized;tysto.com
harmonises;harmonizes;tysto.com
harmonising;harmonizing;tysto.com
homoeopath;homeopath;tysto.com
homoeopathic;homeopathic;tysto.com
homoeopaths;homeopaths;tysto.com
homoeopathy;homeopathy;tysto.com
homogenise;homogenize;tysto.com
homogenised;homogenized;tysto.com
homogenises;homogenizes;tysto.com
homogenising;homogenizing;tysto.com
honour;honor;tysto.com
honourability;honorability;tysto.com
honourable;honorable;tysto.com
honourably;honorably;tysto.com
honoured;honored;tysto.com
honouring;honoring;tysto.com
honours;honors;tysto.com
hospitalisation;hospitalization;tysto.com
hospitalise;hospitalize;tysto.com
hospitalised;hospitalized;tysto.com
hospitalises;hospitalizes;tysto.com
hospitalising;hospitalizing;tysto.com
humanise;humanize;tysto.com
humanised;humanized;tysto.com
humanises;humanizes;tysto.com
humanising;humanizing;tysto.com
humour;humor;tysto.com
humoured;humored;tysto.com
humouring;humoring;tysto.com
humourless;humorless;tysto.com
humours;humors;tysto.com
hybridise;hybridize;tysto.com
hybridised;hybridized;tysto.com
hybridises;hybridizes;tysto.com
hybridising;hybridizing;tysto.com
hypnotise;hypnotize;tysto.com
hypnotised;hypnotized;tysto.com
hypnotises;hypnotizes;tysto.com
hypnotising;hypnotizing;tysto.com
hypothesise;hypothesize;tysto.com
hypothesised;hypothesized;tysto.com
hypothesises;hypothesizes;tysto.com
hypothesising;hypothesizing;tysto.com
idealisation;idealization;tysto.com
idealise;idealize;tysto.com
idealised;idealized;tysto.com
idealises;idealizes;tysto.com
idealising;idealizing;tysto.com
idolise;idolize;tysto.com
idolised;idolized;tysto.com
idolises;idolizes;tysto.com
idolising;idolizing;tysto.com
immobilisation;immobilization;tysto.com
immobilise;immobilize;tysto.com
immobilised;immobilized;tysto.com
immobiliser;immobilizer;tysto.com
immobilisers;immobilizers;tysto.com
immobilises;immobilizes;tysto.com
immobilising;immobilizing;tysto.com
immortalise;immortalize;tysto.com
immortalised;immortalized;tysto.com
immortalises;immortalizes;tysto.com
immortalising;immortalizing;tysto.com
immunisation;immunization;tysto.com
immunise;immunize;tysto.com
immunised;immunized;tysto.com
immunises;immunizes;tysto.com
immunising;immunizing;tysto.com
impanelled;impaneled;tysto.com
impanelling;impaneling;tysto.com
imperilled;imperiled;tysto.com
imperilling;imperiling;tysto.com
individualise;individualize;tysto.com
individualised;individualized;tysto.com
individualises;individualizes;tysto.com
individualising;individualizing;tysto.com
industrialise;industrialize;tysto.com
industrialised;industrialized;tysto.com
industrialises;industrializes;tysto.com
industrialising;industrializing;tysto.com
inflexion;inflection;tysto.com
inflexions;inflections;tysto.com
initialise;initialize;tysto.com
initialised;initialized;tysto.com
initialises;initializes;tysto.com
initialising;initializing;tysto.com
initialled;initialed;tysto.com
initialling;initialing;tysto.com
instal;install;tysto.com
instalment;installment;tysto.com
instalments;installments;tysto.com
instals;installs;tysto.com
instil;instill;tysto.com
instils;instills;tysto.com
institutionalisation;institutionalization;tysto.com
institutionalise;institutionalize;tysto.com
institutionalised;institutionalized;tysto.com
institutionalises;institutionalizes;tysto.com
institutionalising;institutionalizing;tysto.com
intellectualise;intellectualize;tysto.com
intellectualised;intellectualized;tysto.com
intellectualises;intellectualizes;tysto.com
intellectualising;intellectualizing;tysto.com
internalisation;internalization;tysto.com
internalise;internalize;tysto.com
internalised;internalized;tysto.com
internalises;internalizes;tysto.com
internalising;internalizing;tysto.com
internationalisation;internationalization;tysto.com
internationalise;internationalize;tysto.com
internationalised;internationalized;tysto.com
internationalises;internationalizes;tysto.com
internationalising;internationalizing;tysto.com
ionisation;ionization;tysto.com
ionise;ionize;tysto.com
ionised;ionized;tysto.com
ioniser;ionizer;tysto.com
ionisers;ionizers;tysto.com
ionises;ionizes;tysto.com
ionising;ionizing;tysto.com
italicise;italicize;tysto.com
italicised;italicized;tysto.com
italicises;italicizes;tysto.com
italicising;italicizing;tysto.com
itemise;itemize;tysto.com
itemised;itemized;tysto.com
itemises;itemizes;tysto.com
itemising;itemizing;tysto.com
jeopardise;jeopardize;tysto.com
jeopardised;jeopardized;tysto.com
jeopardises;jeopardizes;tysto.com
jeopardising;jeopardizing;tysto.com
jewelled;jeweled;tysto.com
jeweller;jeweler;tysto.com
jewellers;jewelers;tysto.com
jewellery;jewelry;tysto.com
judgement;judgment;tysto.com
kilogramme;kilogram;tysto.com
kilogrammes;kilograms;tysto.com
kilometre;kilometer;tysto.com
kilometres;kilometers;tysto.com
labelled;labeled;tysto.com
labelling;labeling;tysto.com
labour;labor;tysto.com
laboured;labored;tysto.com
labourer;laborer;tysto.com
labourers;laborers;tysto.com
labouring;laboring;tysto.com
labours;labors;tysto.com
lacklustre;lackluster;tysto.com
legalisation;legalization;tysto.com
legalise;legalize;tysto.com
legalised;legalized;tysto.com
legalises;legalizes;tysto.com
legalising;legalizing;tysto.com
legitimise;legitimize;tysto.com
legitimised;legitimized;tysto.com
legitimises;legitimizes;tysto.com
legitimising;legitimizing;tysto.com
leukaemia;leukemia;tysto.com
levelled;leveled;tysto.com
leveller;leveler;tysto.com
levellers;levelers;tysto.com
levelling;leveling;tysto.com
libelled;libeled;tysto.com
libelling;libeling;tysto.com
libellous;libelous;tysto.com
liberalisation;liberalization;tysto.com
liberalise;liberalize;tysto.com
liberalised;liberalized;tysto.com
liberalises;liberalizes;tysto.com
liberalising;liberalizing;tysto.com
licence;license;tysto.com
licenced;licensed;tysto.com
licences;licenses;tysto.com
licencing;licensing;tysto.com
likeable;likable;tysto.com
lionisation;lionization;tysto.com
lionise;lionize;tysto.com
lionised;lionized;tysto.com
lionises;lionizes;tysto.com
lionising;lionizing;tysto.com
liquidise;liquidize;tysto.com
liquidised;liquidized;tysto.com
liquidiser;liquidizer;tysto.com
liquidisers;liquidizers;tysto.com
liquidises;liquidizes;tysto.com
liquidising;liquidizing;tysto.com
litre;liter;tysto.com
litres;liters;tysto.com
localise;localize;tysto.com
localised;localized;tysto.com
localises;localizes;tysto.com
localising;localizing;tysto.com
louvre;louver;tysto.com
louvred;louvered;tysto.com
louvres;louvers;tysto.com
lustre;luster;tysto.com
magnetise;magnetize;tysto.com
magnetised;magnetized;tysto.com
magnetises;magnetizes;tysto.com
magnetising;magnetizing;tysto.com
manoeuvrability;maneuverability;tysto.com
manoeuvrable;maneuverable;tysto.com
manoeuvre;maneuver;tysto.com
manoeuvred;maneuvered;tysto.com
manoeuvres;maneuvers;tysto.com
manoeuvring;maneuvering;tysto.com
manoeuvrings;maneuverings;tysto.com
marginalisation;marginalization;tysto.com
marginalise;marginalize;tysto.com
marginalised;marginalized;tysto.com
marginalises;marginalizes;tysto.com
marginalising;marginalizing;tysto.com
marshalled;marshaled;tysto.com
marshalling;marshaling;tysto.com
marvelled;marveled;tysto.com
marvelling;marveling;tysto.com
marvellous;marvelous;tysto.com
marvellously;marvelously;tysto.com
materialisation;materialization;tysto.com
materialise;materialize;tysto.com
materialised;materialized;tysto.com
materialises;materializes;tysto.com
materialising;materializing;tysto.com
maximisation;maximization;tysto.com
maximise;maximize;tysto.com
maximised;maximized;tysto.com
maximises;maximizes;tysto.com
maximising;maximizing;tysto.com
meagre;meager;tysto.com
mechanisation;mechanization;tysto.com
mechanise;mechanize;tysto.com
mechanised;mechanized;tysto.com
mechanises;mechanizes;tysto.com
mechanising;mechanizing;tysto.com
mediaeval;medieval;tysto.com
memorialise;memorialize;tysto.com
memorialised;memorialized;tysto.com
memorialises;memorializes;tysto.com
memorialising;memorializing;tysto.com
memorise;memorize;tysto.com
memorised;memorized;tysto.com
memorises;memorizes;tysto.com
memorising;memorizing;tysto.com
mesmerise;mesmerize;tysto.com
mesmerised;mesmerized;tysto.com
mesmerises;mesmerizes;tysto.com
mesmerising;mesmerizing;tysto.com
metabolise;metabolize;tysto.com
metabolised;metabolized;tysto.com
metabolises;metabolizes;tysto.com
metabolising;metabolizing;tysto.com
metre;meter;tysto.com
metres;meters;tysto.com
micrometre;micrometer;tysto.com
micrometres;micrometers;tysto.com
militarise;militarize;tysto.com
militarised;militarized;tysto.com
militarises;militarizes;tysto.com
militarising;militarizing;tysto.com
milligramme;milligram;tysto.com
milligrammes;milligrams;tysto.com
millilitre;milliliter;tysto.com
millilitres;milliliters;tysto.com
millimetre;millimeter;tysto.com
millimetres;millimeters;tysto.com
miniaturisation;miniaturization;tysto.com
miniaturise;miniaturize;tysto.com
miniaturised;miniaturized;tysto.com
miniaturises;miniaturizes;tysto.com
miniaturising;miniaturizing;tysto.com
minibuses;minibusses;tysto.com
minimise;minimize;tysto.com
minimised;minimized;tysto.com
minimises;minimizes;tysto.com
minimising;minimizing;tysto.com
misbehaviour;misbehavior;tysto.com
misdemeanour;misdemeanor;tysto.com
misdemeanours;misdemeanors;tysto.com
misspelt;misspelled;tysto.com
mitre;miter;tysto.com
mitres;miters;tysto.com
mobilisation;mobilization;tysto.com
mobilise;mobilize;tysto.com
mobilised;mobilized;tysto.com
mobilises;mobilizes;tysto.com
mobilising;mobilizing;tysto.com
modelled;modeled;tysto.com
modeller;modeler;tysto.com
modellers;modelers;tysto.com
modelling;modeling;tysto.com
modernise;modernize;tysto.com
modernised;modernized;tysto.com
modernises;modernizes;tysto.com
modernising;modernizing;tysto.com
moisturise;moisturize;tysto.com
moisturised;moisturized;tysto.com
moisturiser;moisturizer;tysto.com
moisturisers;moisturizers;tysto.com
moisturises;moisturizes;tysto.com
moisturising;moisturizing;tysto.com
monologue;monolog;tysto.com
monologues;monologs;tysto.com
monopolisation;monopolization;tysto.com
monopolise;monopolize;tysto.com
monopolised;monopolized;tysto.com
monopolises;monopolizes;tysto.com
monopolising;monopolizing;tysto.com
moralise;moralize;tysto.com
moralised;moralized;tysto.com
moralises;moralizes;tysto.com
moralising;moralizing;tysto.com
motorised;motorized;tysto.com
mould;mold;tysto.com
moulded;molded;tysto.com
moulder;molder;tysto.com
mouldered;moldered;tysto.com
mouldering;moldering;tysto.com
moulders;molders;tysto.com
mouldier;moldier;tysto.com
mouldiest;moldiest;tysto.com
moulding;molding;tysto.com
mouldings;moldings;tysto.com
moulds;molds;tysto.com
mouldy;moldy;tysto.com
moult;molt;tysto.com
moulted;molted;tysto.com
moulting;molting;tysto.com
moults;molts;tysto.com
moustache;mustache;tysto.com
moustached;mustached;tysto.com
moustaches;mustaches;tysto.com
moustachioed;mustachioed;tysto.com
multicoloured;multicolored;tysto.com
nationalisation;nationalization;tysto.com
nationalisations;nationalizations;tysto.com
nationalise;nationalize;tysto.com
nationalised;nationalized;tysto.com
nationalises;nationalizes;tysto.com
nationalising;nationalizing;tysto.com
naturalisation;naturalization;tysto.com
naturalise;naturalize;tysto.com
naturalised;naturalized;tysto.com
naturalises;naturalizes;tysto.com
naturalising;naturalizing;tysto.com
neighbour;neighbor;tysto.com
neighbourhood;neighborhood;tysto.com
neighbourhoods;neighborhoods;tysto.com
neighbouring;neighboring;tysto.com
neighbourliness;neighborliness;tysto.com
neighbourly;neighborly;tysto.com
neighbours;neighbors;tysto.com
neutralisation;neutralization;tysto.com
neutralise;neutralize;tysto.com
neutralised;neutralized;tysto.com
neutralises;neutralizes;tysto.com
neutralising;neutralizing;tysto.com
normalisation;normalization;tysto.com
normalise;normalize;tysto.com
normalised;normalized;tysto.com
normalises;normalizes;tysto.com
normalising;normalizing;tysto.com
odour;odor;tysto.com
odourless;odorless;tysto.com
odours;odors;tysto.com
oesophagus;esophagus;tysto.com
oesophaguses;esophaguses;tysto.com
oestrogen;estrogen;tysto.com
offence;offense;tysto.com
offences;offenses;tysto.com
omelette;omelet;tysto.com
omelettes;omelets;tysto.com
optimise;optimize;tysto.com
optimised;optimized;tysto.com
optimises;optimizes;tysto.com
optimising;optimizing;tysto.com
organisation;organization;tysto.com
organisational;organizational;tysto.com
organisations;organizations;tysto.com
organise;organize;tysto.com
organised;organized;tysto.com
organiser;organizer;tysto.com
organisers;organizers;tysto.com
organises;organizes;tysto.com
organising;organizing;tysto.com
orthopaedic;orthopedic;tysto.com
orthopaedics;orthopedics;tysto.com
ostracise;ostracize;tysto.com
ostracised;ostracized;tysto.com
ostracises;ostracizes;tysto.com
ostracising;ostracizing;tysto.com
outmanoeuvre;outmaneuver;tysto.com
outmanoeuvred;outmaneuvered;tysto.com
outmanoeuvres;outmaneuvers;tysto.com
outmanoeuvring;outmaneuvering;tysto.com
overemphasise;overemphasize;tysto.com
overemphasised;overemphasized;tysto.com
overemphasises;overemphasizes;tysto.com
overemphasising;overemphasizing;tysto.com
oxidisation;oxidization;tysto.com
oxidise;oxidize;tysto.com
oxidised;oxidized;tysto.com
oxidises;oxidizes;tysto.com
oxidising;oxidizing;tysto.com
paederast;pederast;tysto.com
paederasts;pederasts;tysto.com
paediatric;pediatric;tysto.com
paediatrician;pediatrician;tysto.com
paediatricians;pediatricians;tysto.com
paediatrics;pediatrics;tysto.com
paedophile;pedophile;tysto.com
paedophiles;pedophiles;tysto.com
paedophilia;pedophilia;tysto.com
palaeolithic;paleolithic;tysto.com
palaeontologist;paleontologist;tysto.com
palaeontologists;paleontologists;tysto.com
palaeontology;paleontology;tysto.com
panelled;paneled;tysto.com
panelling;paneling;tysto.com
panellist;panelist;tysto.com
panellists;panelists;tysto.com
paralyse;paralyze;tysto.com
paralysed;paralyzed;tysto.com
paralyses;paralyzes;tysto.com
paralysing;paralyzing;tysto.com
parcelled;parceled;tysto.com
parcelling;parceling;tysto.com
parlour;parlor;tysto.com
parlours;parlors;tysto.com
particularise;particularize;tysto.com
particularised;particularized;tysto.com
particularises;particularizes;tysto.com
particularising;particularizing;tysto.com
passivisation;passivization;tysto.com
passivise;passivize;tysto.com
passivised;passivized;tysto.com
passivises;passivizes;tysto.com
passivising;passivizing;tysto.com
pasteurisation;pasteurization;tysto.com
pasteurise;pasteurize;tysto.com
pasteurised;pasteurized;tysto.com
pasteurises;pasteurizes;tysto.com
pasteurising;pasteurizing;tysto.com
patronise;patronize;tysto.com
patronised;patronized;tysto.com
patronises;patronizes;tysto.com
patronising;patronizing;tysto.com
patronisingly;patronizingly;tysto.com
pedalled;pedaled;tysto.com
pedalling;pedaling;tysto.com
pedestrianisation;pedestrianization;tysto.com
pedestrianise;pedestrianize;tysto.com
pedestrianised;pedestrianized;tysto.com
pedestrianises;pedestrianizes;tysto.com
pedestrianising;pedestrianizing;tysto.com
penalise;penalize;tysto.com
penalised;penalized;tysto.com
penalises;penalizes;tysto.com
penalising;penalizing;tysto.com
pencilled;penciled;tysto.com
pencilling;penciling;tysto.com
personalise;personalize;tysto.com
personalised;personalized;tysto.com
personalises;personalizes;tysto.com
personalising;personalizing;tysto.com
pharmacopoeia;pharmacopeia;tysto.com
pharmacopoeias;pharmacopeias;tysto.com
philosophise;philosophize;tysto.com
philosophised;philosophized;tysto.com
philosophises;philosophizes;tysto.com
philosophising;philosophizing;tysto.com
philtre;filter;tysto.com
philtres;filters;tysto.com
phoney;phony;tysto.com
plagiarise;plagiarize;tysto.com
plagiarised;plagiarized;tysto.com
plagiarises;plagiarizes;tysto.com
plagiarising;plagiarizing;tysto.com
plough;plow;tysto.com
ploughed;plowed;tysto.com
ploughing;plowing;tysto.com
ploughman;plowman;tysto.com
ploughmen;plowmen;tysto.com
ploughs;plows;tysto.com
ploughshare;plowshare;tysto.com
ploughshares;plowshares;tysto.com
polarisation;polarization;tysto.com
polarise;polarize;tysto.com
polarised;polarized;tysto.com
polarises;polarizes;tysto.com
polarising;polarizing;tysto.com
politicisation;politicization;tysto.com
politicise;politicize;tysto.com
politicised;politicized;tysto.com
politicises;politicizes;tysto.com
politicising;politicizing;tysto.com
popularisation;popularization;tysto.com
popularise;popularize;tysto.com
popularised;popularized;tysto.com
popularises;popularizes;tysto.com
popularising;popularizing;tysto.com
pouffe;pouf;tysto.com
pouffes;poufs;tysto.com
practise;practice;tysto.com
practised;practiced;tysto.com
practises;practices;tysto.com
practising;practicing;tysto.com
praesidium;presidium;tysto.com
praesidiums;presidiums;tysto.com
pressurisation;pressurization;tysto.com
pressurise;pressurize;tysto.com
pressurised;pressurized;tysto.com
pressurises;pressurizes;tysto.com
pressurising;pressurizing;tysto.com
pretence;pretense;tysto.com
pretences;pretenses;tysto.com
primaeval;primeval;tysto.com
prioritisation;prioritization;tysto.com
prioritise;prioritize;tysto.com
prioritised;prioritized;tysto.com
prioritises;prioritizes;tysto.com
prioritising;prioritizing;tysto.com
privatisation;privatization;tysto.com
privatisations;privatizations;tysto.com
privatise;privatize;tysto.com
privatised;privatized;tysto.com
privatises;privatizes;tysto.com
privatising;privatizing;tysto.com
professionalisation;professionalization;tysto.com
professionalise;professionalize;tysto.com
professionalised;professionalized;tysto.com
professionalises;professionalizes;tysto.com
professionalising;professionalizing;tysto.com
programme;program;tysto.com
programmes;programs;tysto.com
prologue;prolog;tysto.com
prologues;prologs;tysto.com
propagandise;propagandize;tysto.com
propagandised;propagandized;tysto.com
propagandises;propagandizes;tysto.com
propagandising;propagandizing;tysto.com
proselytise;proselytize;tysto.com
proselytised;proselytized;tysto.com
proselytiser;proselytizer;tysto.com
proselytisers;proselytizers;tysto.com
proselytises;proselytizes;tysto.com
proselytising;proselytizing;tysto.com
psychoanalyse;psychoanalyze;tysto.com
psychoanalysed;psychoanalyzed;tysto.com
psychoanalyses;psychoanalyzes;tysto.com
psychoanalysing;psychoanalyzing;tysto.com
publicise;publicize;tysto.com
publicised;publicized;tysto.com
publicises;publicizes;tysto.com
publicising;publicizing;tysto.com
pulverisation;pulverization;tysto.com
pulverise;pulverize;tysto.com
pulverised;pulverized;tysto.com
pulverises;pulverizes;tysto.com
pulverising;pulverizing;tysto.com
pummelled;pummel;tysto.com
pummelling;pummeled;tysto.com
pyjama;pajama;tysto.com
pyjamas;pajamas;tysto.com
pzazz;pizzazz;tysto.com
quarrelled;quarreled;tysto.com
quarrelling;quarreling;tysto.com
radicalise;radicalize;tysto.com
radicalised;radicalized;tysto.com
radicalises;radicalizes;tysto.com
radicalising;radicalizing;tysto.com
rancour;rancor;tysto.com
randomise;randomize;tysto.com
randomised;randomized;tysto.com
randomises;randomizes;tysto.com
randomising;randomizing;tysto.com
rationalisation;rationalization;tysto.com
rationalisations;rationalizations;tysto.com
rationalise;rationalize;tysto.com
rationalised;rationalized;tysto.com
rationalises;rationalizes;tysto.com
rationalising;rationalizing;tysto.com
ravelled;raveled;tysto.com
ravelling;raveling;tysto.com
realisability;realizability;tysto.com
realisable;realizable;tysto.com
realisation;realization;tysto.com
realisations;realizations;tysto.com
realise;realize;tysto.com
realised;realized;tysto.com
realises;realizes;tysto.com
realising;realizing;tysto.com
recognisable;recognizable;tysto.com
recognisably;recognizably;tysto.com
recognisance;recognizance;tysto.com
recognise;recognize;tysto.com
recognised;recognized;tysto.com
recognises;recognizes;tysto.com
recognising;recognizing;tysto.com
reconnoitre;reconnoiter;tysto.com
reconnoitred;reconnoitered;tysto.com
reconnoitres;reconnoiters;tysto.com
reconnoitring;reconnoitering;tysto.com
refuelled;refueled;tysto.com
refuelling;refueling;tysto.com
regularisation;regularization;tysto.com
regularise;regularize;tysto.com
regularised;regularized;tysto.com
regularises;regularizes;tysto.com
regularising;regularizing;tysto.com
remodelled;remodeled;tysto.com
remodelling;remodeling;tysto.com
remould;remold;tysto.com
remoulded;remolded;tysto.com
remoulding;remolding;tysto.com
remoulds;remolds;tysto.com
reorganisation;reorganization;tysto.com
reorganisations;reorganizations;tysto.com
reorganise;reorganize;tysto.com
reorganised;reorganized;tysto.com
reorganises;reorganizes;tysto.com
reorganising;reorganizing;tysto.com
revelled;reveled;tysto.com
reveller;reveler;tysto.com
revellers;revelers;tysto.com
revelling;reveling;tysto.com
revitalise;revitalize;tysto.com
revitalised;revitalized;tysto.com
revitalises;revitalizes;tysto.com
revitalising;revitalizing;tysto.com
revolutionise;revolutionize;tysto.com
revolutionised;revolutionized;tysto.com
revolutionises;revolutionizes;tysto.com
revolutionising;revolutionizing;tysto.com
rhapsodise;rhapsodize;tysto.com
rhapsodised;rhapsodized;tysto.com
rhapsodises;rhapsodizes;tysto.com
rhapsodising;rhapsodizing;tysto.com
rigour;rigor;tysto.com
rigours;rigors;tysto.com
ritualised;ritualized;tysto.com
rivalled;rivaled;tysto.com
rivalling;rivaling;tysto.com
romanticise;romanticize;tysto.com
romanticised;romanticized;tysto.com
romanticises;romanticizes;tysto.com
romanticising;romanticizing;tysto.com
rumour;rumor;tysto.com
rumoured;rumored;tysto.com
rumours;rumors;tysto.com
sabre;saber;tysto.com
sabres;sabers;tysto.com
saltpetre;saltpeter;tysto.com
sanitise;sanitize;tysto.com
sanitised;sanitized;tysto.com
sanitises;sanitizes;tysto.com
sanitising;sanitizing;tysto.com
satirise;satirize;tysto.com
satirised;satirized;tysto.com
satirises;satirizes;tysto.com
satirising;satirizing;tysto.com
saviour;savior;tysto.com
saviours;saviors;tysto.com
savour;savor;tysto.com
savoured;savored;tysto.com
savouries;savories;tysto.com
savouring;savoring;tysto.com
savours;savors;tysto.com
savoury;savory;tysto.com
scandalise;scandalize;tysto.com
scandalised;scandalized;tysto.com
scandalises;scandalizes;tysto.com
scandalising;scandalizing;tysto.com
sceptic;skeptic;tysto.com
sceptical;skeptical;tysto.com
sceptically;skeptically;tysto.com
scepticism;skepticism;tysto.com
sceptics;skeptics;tysto.com
sceptre;scepter;tysto.com
sceptres;scepters;tysto.com
scrutinise;scrutinize;tysto.com
scrutinised;scrutinized;tysto.com
scrutinises;scrutinizes;tysto.com
scrutinising;scrutinizing;tysto.com
secularisation;secularization;tysto.com
secularise;secularize;tysto.com
secularised;secularized;tysto.com
secularises;secularizes;tysto.com
secularising;secularizing;tysto.com
sensationalise;sensationalize;tysto.com
sensationalised;sensationalized;tysto.com
sensationalises;sensationalizes;tysto.com
sensationalising;sensationalizing;tysto.com
sensitise;sensitize;tysto.com
sensitised;sensitized;tysto.com
sensitises;sensitizes;tysto.com
sensitising;sensitizing;tysto.com
sentimentalise;sentimentalize;tysto.com
sentimentalised;sentimentalized;tysto.com
sentimentalises;sentimentalizes;tysto.com
sentimentalising;sentimentalizing;tysto.com
sepulchre;sepulcher;tysto.com
sepulchres;sepulchers;tysto.com
serialisation;serialization;tysto.com
serialisations;serializations;tysto.com
serialise;serialize;tysto.com
serialised;serialized;tysto.com
serialises;serializes;tysto.com
serialising;serializing;tysto.com
sermonise;sermonize;tysto.com
sermonised;sermonized;tysto.com
sermonises;sermonizes;tysto.com
sermonising;sermonizing;tysto.com
sheikh;sheik;tysto.com
shovelled;shoveled;tysto.com
shovelling;shoveling;tysto.com
shrivelled;shriveled;tysto.com
shrivelling;shriveling;tysto.com
signalise;signalize;tysto.com
signalised;signalized;tysto.com
signalises;signalizes;tysto.com
signalising;signalizing;tysto.com
signalled;signaled;tysto.com
signalling;signaling;tysto.com
smoulder;smolder;tysto.com
smouldered;smoldered;tysto.com
smouldering;smoldering;tysto.com
smoulders;smolders;tysto.com
snivelled;sniveled;tysto.com
snivelling;sniveling;tysto.com
snorkelled;snorkeled;tysto.com
snorkelling;snorkeling;tysto.com
snowplough;snowplow;tysto.com
snowploughs;snowplow;tysto.com
socialisation;socialization;tysto.com
socialise;socialize;tysto.com
socialised;socialized;tysto.com
socialises;socializes;tysto.com
socialising;socializing;tysto.com
sodomise;sodomize;tysto.com
sodomised;sodomized;tysto.com
sodomises;sodomizes;tysto.com
sodomising;sodomizing;tysto.com
solemnise;solemnize;tysto.com
solemnised;solemnized;tysto.com
solemnises;solemnizes;tysto.com
solemnising;solemnizing;tysto.com
sombre;somber;tysto.com
specialisation;specialization;tysto.com
specialisations;specializations;tysto.com
specialise;specialize;tysto.com
specialised;specialized;tysto.com
specialises;specializes;tysto.com
specialising;specializing;tysto.com
spectre;specter;tysto.com
spectres;specters;tysto.com
spiralled;spiraled;tysto.com
spiralling;spiraling;tysto.com
splendour;splendor;tysto.com
splendours;splendors;tysto.com
squirrelled;squirreled;tysto.com
squirrelling;squirreling;tysto.com
stabilisation;stabilization;tysto.com
stabilise;stabilize;tysto.com
stabilised;stabilized;tysto.com
stabiliser;stabilizer;tysto.com
stabilisers;stabilizers;tysto.com
stabilises;stabilizes;tysto.com
stabilising;stabilizing;tysto.com
standardisation;standardization;tysto.com
standardise;standardize;tysto.com
standardised;standardized;tysto.com
standardises;standardizes;tysto.com
standardising;standardizing;tysto.com
stencilled;stenciled;tysto.com
stencilling;stenciling;tysto.com
sterilisation;sterilization;tysto.com
sterilisations;sterilizations;tysto.com
sterilise;sterilize;tysto.com
sterilised;sterilized;tysto.com
steriliser;sterilizer;tysto.com
sterilisers;sterilizers;tysto.com
sterilises;sterilizes;tysto.com
sterilising;sterilizing;tysto.com
stigmatisation;stigmatization;tysto.com
stigmatise;stigmatize;tysto.com
stigmatised;stigmatized;tysto.com
stigmatises;stigmatizes;tysto.com
stigmatising;stigmatizing;tysto.com
storey;story;tysto.com
storeys;stories;tysto.com
subsidisation;subsidization;tysto.com
subsidise;subsidize;tysto.com
subsidised;subsidized;tysto.com
subsidiser;subsidizer;tysto.com
subsidisers;subsidizers;tysto.com
subsidises;subsidizes;tysto.com
subsidising;subsidizing;tysto.com
succour;succor;tysto.com
succoured;succored;tysto.com
succouring;succoring;tysto.com
succours;succors;tysto.com
sulphate;sulfate;tysto.com
sulphates;sulfates;tysto.com
sulphide;sulfide;tysto.com
sulphides;sulfides;tysto.com
sulphur;sulfur;tysto.com
sulphurous;sulfurous;tysto.com
summarise;summarize;tysto.com
summarised;summarized;tysto.com
summarises;summarizes;tysto.com
summarising;summarizing;tysto.com
swivelled;swiveled;tysto.com
swivelling;swiveling;tysto.com
symbolise;symbolize;tysto.com
symbolised;symbolized;tysto.com
symbolises;symbolizes;tysto.com
symbolising;symbolizing;tysto.com
sympathise;sympathize;tysto.com
sympathised;sympathized;tysto.com
sympathiser;sympathizer;tysto.com
sympathisers;sympathizers;tysto.com
sympathises;sympathizes;tysto.com
sympathising;sympathizing;tysto.com
synchronisation;synchronization;tysto.com
synchronise;synchronize;tysto.com
synchronised;synchronized;tysto.com
synchronises;synchronizes;tysto.com
synchronising;synchronizing;tysto.com
synthesise;synthesize;tysto.com
synthesised;synthesized;tysto.com
synthesiser;synthesizer;tysto.com
synthesisers;synthesizers;tysto.com
synthesises;synthesizes;tysto.com
synthesising;synthesizing;tysto.com
syphon;siphon;tysto.com
syphoned;siphoned;tysto.com
syphoning;siphoning;tysto.com
syphons;siphons;tysto.com
systematisation;systematization;tysto.com
systematise;systematize;tysto.com
systematised;systematized;tysto.com
systematises;systematizes;tysto.com
systematising;systematizing;tysto.com
tantalise;tantalize;tysto.com
tantalised;tantalized;tysto.com
tantalises;tantalizes;tysto.com
tantalising;tantalizing;tysto.com
tantalisingly;tantalizingly;tysto.com
tasselled;tasseled;tysto.com
technicolour;technicolor;tysto.com
temporise;temporize;tysto.com
temporised;temporized;tysto.com
temporises;temporizes;tysto.com
temporising;temporizing;tysto.com
tenderise;tenderize;tysto.com
tenderised;tenderized;tysto.com
tenderises;tenderizes;tysto.com
tenderising;tenderizing;tysto.com
terrorise;terrorize;tysto.com
terrorised;terrorized;tysto.com
terrorises;terrorizes;tysto.com
terrorising;terrorizing;tysto.com
theatre;theater;tysto.com
theatregoer;theatergoer;tysto.com
theatregoers;theatergoers;tysto.com
theatres;theaters;tysto.com
theorise;theorize;tysto.com
theorised;theorized;tysto.com
theorises;theorizes;tysto.com
theorising;theorizing;tysto.com
tonne;ton;tysto.com
tonnes;tons;tysto.com
towelled;toweled;tysto.com
towelling;toweling;tysto.com
toxaemia;toxemia;tysto.com
tranquillise;tranquilize;tysto.com
tranquillised;tranquilized;tysto.com
tranquilliser;tranquilizer;tysto.com
tranquillisers;tranquilizers;tysto.com
tranquillises;tranquilizes;tysto.com
tranquillising;tranquilizing;tysto.com
tranquillity;tranquility;tysto.com
tranquillize;tranquilize;tysto.com
tranquillized;tranquilized;tysto.com
tranquillizer;tranquilizer;tysto.com
tranquillizers;tranquilizers;tysto.com
tranquillizes;tranquilizes;tysto.com
tranquillizing;tranquilizing;tysto.com
tranquilly;tranquility;tysto.com
transistorised;transistorized;tysto.com
traumatise;traumatize;tysto.com
traumatised;traumatized;tysto.com
traumatises;traumatizes;tysto.com
traumatising;traumatizing;tysto.com
travelled;traveled;tysto.com
traveller;traveler;tysto.com
travellers;travelers;tysto.com
travelling;traveling;tysto.com
travelogue;travelog;tysto.com
travelogues;travelogs;tysto.com
trialled;trialed;tysto.com
trialling;trialing;tysto.com
tricolour;tricolor;tysto.com
tricolours;tricolors;tysto.com
trivialise;trivialize;tysto.com
trivialised;trivialized;tysto.com
trivialises;trivializes;tysto.com
trivialising;trivializing;tysto.com
tumour;tumor;tysto.com
tumours;tumors;tysto.com
tunnelled;tunneled;tysto.com
tunnelling;tunneling;tysto.com
tyrannise;tyrannize;tysto.com
tyrannised;tyrannized;tysto.com
tyrannises;tyrannizes;tysto.com
tyrannising;tyrannizing;tysto.com
tyre;tire;tysto.com
tyres;tires;tysto.com
unamortised;unamortized;tysto.com
unauthorised;unauthorized;tysto.com
uncivilised;uncivilized;tysto.com
underutilised;underutilized;tysto.com
unequalled;unequaled;tysto.com
unfavourable;unfavorable;tysto.com
unfavourably;unfavorably;tysto.com
unionisation;unionization;tysto.com
unionise;unionize;tysto.com
unionised;unionized;tysto.com
unionises;unionizes;tysto.com
unionising;unionizing;tysto.com
unorganised;unorganized;tysto.com
unravelled;unraveled;tysto.com
unravelling;unraveling;tysto.com
unrecognisable;unrecognizable;tysto.com
unrecognised;unrecognized;tysto.com
unrivalled;unrivaled;tysto.com
unsavoury;unsavory;tysto.com
untrammelled;untrammeled;tysto.com
urbanisation;urbanization;tysto.com
urbanise;urbanize;tysto.com
urbanised;urbanized;tysto.com
urbanises;urbanizes;tysto.com
urbanising;urbanizing;tysto.com
utilisable;utilizable;tysto.com
utilisation;utilization;tysto.com
utilise;utilize;tysto.com
utilised;utilized;tysto.com
utilises;utilizes;tysto.com
utilising;utilizing;tysto.com
valour;valor;tysto.com
vandalise;vandalize;tysto.com
vandalised;vandalized;tysto.com
vandalises;vandalizes;tysto.com
vandalising;vandalizing;tysto.com
vaporisation;vaporization;tysto.com
vaporise;vaporize;tysto.com
vaporised;vaporized;tysto.com
vaporises;vaporizes;tysto.com
vaporising;vaporizing;tysto.com
vapour;vapor;tysto.com
vapours;vapors;tysto.com
verbalise;verbalize;tysto.com
verbalised;verbalized;tysto.com
verbalises;verbalizes;tysto.com
verbalising;verbalizing;tysto.com
victimisation;victimization;tysto.com
victimise;victimize;tysto.com
victimised;victimized;tysto.com
victimises;victimizes;tysto.com
victimising;victimizing;tysto.com
videodisc;videodisk;tysto.com
videodiscs;videodisks;tysto.com
vigour;vigor;tysto.com
visualisation;visualization;tysto.com
visualisations;visualizations;tysto.com
visualise;visualize;tysto.com
visualised;visualized;tysto.com
visualises;visualizes;tysto.com
visualising;visualizing;tysto.com
vocalisation;vocalization;tysto.com
vocalisations;vocalizations;tysto.com
vocalise;vocalize;tysto.com
vocalised;vocalized;tysto.com
vocalises;vocalizes;tysto.com
vocalising;vocalizing;tysto.com
vulcanised;vulcanized;tysto.com
vulgarisation;vulgarization;tysto.com
vulgarise;vulgarize;tysto.com
vulgarised;vulgarized;tysto.com
vulgarises;vulgarizes;tysto.com
vulgarising;vulgarizing;tysto.com
waggon;wagon;tysto.com
waggons;wagons;tysto.com
watercolour;watercolor;tysto.com
watercolours;watercolors;tysto.com
weaselled;weaseled;tysto.com
weaselling;weaseling;tysto.com
westernisation;westernization;tysto.com
westernise;westernize;tysto.com
westernised;westernized;tysto.com
westernises;westernizes;tysto.com
westernising;westernizing;tysto.com
womanise;womanize;tysto.com
womanised;womanized;tysto.com
womaniser;womanizer;tysto.com
womanisers;womanizers;tysto.com
womanises;womanizes;tysto.com
womanising;womanizing;tysto.com
woollen;woolen;tysto.com
woollens;woolens;tysto.com
woollies;woolies;tysto.com
woolly;wooly;tysto.com
worshipped;worshiped;tysto.com
worshipper;worshiper;tysto.com
worshipping;worshiping;tysto.com
yodelled;yodeled;tysto.com
yodelling;yodeling;tysto.com
yoghourt;yogurt;tysto.com
yoghourts;yogurts;tysto.com
yoghurt;yogurt;tysto.com
yoghurts;yogurts;tysto.com
cancellable;cancelable;own
mutualisation;mutualization;own
derecognisable;derecognizable;own
derecognisably;derecognizably;own
derecognisance;derecognizance;own
derecognise;derecognize;own
derecognised;derecognized;own
derecognises;derecognizes;own
derecognising;derecognizing;own
levelise;levelize;own
levelised;levelized;own
levelising;levelizing;own
chequing;checking;own
emiratisation;emiratization;
emiratise;emiratize;
emiratising;emiratizing;
