orig;split
airbill;air bill
airbills;air bills
antidilution;anti dilution
antidilutive;anti dilutive
antiselection;anti selection
antiselections;anti selections
antitrust;anti trust
antitrusts;anti trusts
backcharge;back charge
backcharges;back charges
backorder;back order
backorders;back orders
backplant;back plant
backplants;back plants
billback;bill back
billbacks;bill backs
bookbuild;book build
bookkeeper;book keeper
bookkeepers;book keepers
breakdown;break down
breakdowns;break downs
breakeven;break even
breakup;break up
breakups;break ups
buyback;buy back
buybacks;buy backs
buydown;buy down
buydowns;buy downs
buyout;buy out
buyouts;buy outs
byproduct;by product
byproducts;by products
carryback;carry back
carrybacks;carry backs
carryforward;carry forward
carryforwards;carry forwards
carryover;carry over
carryovers;carry overs
checkbook;check book
checkbooks;check book
coinsurance;co insurance
coinsurances;co insurances
cramdown;cram down
cramdowns;cram downs
crossfoot;cross foot
crossfoots;cross foots
crowdfunding;crowd funding
cutoff;cut off
cutoffs;cut offs
database;data base
databases;data bases
daybook;day book
daybooks;day books
daypart;day part
dayparts;day parts
disinflation;dis inflation
downtime;down time
downtimes;down times
dropdown;drop down
dropdowns;drop downs
earmarkable;ear markable
earnout;earn out
earnouts;earn outs
eurosystem;euro system
eurosystems;euro systems
eurozone;euro zone
fhlbank;fhl bank
flextime;flex time
floorless;floor less
flowchart;flow chart
flowcharts;flow charts
foregift;fore gift
foregifts;fore gifts
giveup;give up
grandfathered;grand fathered
greenmail;green mail
hyperinflationary;hyper inflationary
interbank;inter bank
interbanks;inter banks
intercorporate;inter corporate
intercorporates;inter corporates
interfund;inter fund
interfunds;inter funds
interinsurance;inter insurance
interinsurances;inter insurances
interperiod;inter period
interperiods;inter periods
intersegment;inter segment
intersegments;inter segments
intersubsegment;inter subsegment
intersubsegments;inter sub segments
intracompanies;intra companies
intracompany;intra company
intraday;intra day
intradays;intra days
intraentities;intra entities
intraentity;intra entity
intraperiod;intra period
intraperiods;intra periods
lock box;lockbox
lockbox;lock box
lockboxes;lock boxes
manufacturingloss;manufacturing loss
manufacturinglosses;manufacturing losses
markdown;mark down
markdowns;mark downs
markup;mark up
markups;mark ups
microcredit;micro credit
microcredits;micro credits
multicollinearities;multi collinearities
multicollinearity;multi collinearity
multicolumn;multi column
multicolumns;multi columns
multiemployer;multi employer
multiemployers;multi employers
multifamilies;multi families
multifamily;multi family
nonaccretable;non accretable
nonaccrual;non accrual
nonaccruals;non accruals
nonallowable;non allowable
nonamortizable;non amortizable
noncallable;non callable
noncancelable;non cancelable
noncash;non cash
noncatastrophic;non catastrophic
noncompete;non compete
nonconsenting;non consenting
nonconsolidated;non consolidated
noncontributory;non contributory
noncontrollable;non controllable
noncontrolled;non controlled
noncontrolling;non controlling
noncredit;non credit
noncumulative;non cumulative
noncurrent;non current
nondebtor;non debtor
nondebtors;non debtors
nondeductible;non deductible
nonderivative;non derivative
nondesignated;non designated
nonemployee;non employee
nonemployees;non employees
nonexempt;non exempt
nonfinancial;non financial
nonfinancials;non financials
nonforfeiture;non forfeiture
nongovernmental;non governmental
nonhedging;non hedging
nonintegrated;non integrated
noninterest;non interest
noninvestment;non investment
nonissuer;non issuer
nonissuers;non issuers
nonlease;non lease
nonleases;non leases
nonmanaging;non managing
nonmanufacturing;non manufacturing
nonmonetary;non monetary
nonmortgage;non mortgage
nonofficer;non officer
nonoperating;non operating
nonparticipating;non participating
nonpatronage;non patronage
nonpension;non pension
nonpensions;non pensions
nonperformance;non performance
nonperforming;non performing
nonproduction;non production
nonproductive;non productive
nonprofit;non profit
nonprofits;non profits
nonpublic;non public
nonqualified;non qualified
nonqualifying;non qualifying
nonquantifiable;non quantifiable
nonreciprocal;non reciprocal
nonrecourse;non recourse
nonrecurring;non recurring
nonredeemable;non redeemable
nonrefundable;non refundable
nonregistered;non registered
nonrenewable;non renewable
nonrestatement;non restatement
nonretirement;non retirement
nonsampling;non sampling
nonsecuritized;non securitized
nonsoftware;non software
nonsufficient;non sufficient
nontaxable;non taxable
nontrade;non trade
nontraditional;non traditional
nontransferor;non transferor
nonutility;non utility
nonvalue;non value
nonvested;non vested
nonvoting;non voting
offset;off set
offsets;off sets
offsetting;off setting
offsettings;off settings
offsource;off source
oncost;on cost
overabsorbed;over absorbed
overapplied;over applied
overcapitalization;over capitalization
overdraw;over draw
overdraws;over draws
overextension;over extension
overleveraged;over leveraged
overlift;over lift
overlifting;over lifting
overtime;over time
overtimes;over times
payback;pay back
paybacks;pay backs
paydown;pay down
paydowns;pay downs
plantwide;plant wide
plowback;plow back
plowbacks;plow backs
postconfirmation;post confirmation
postconfirmations;post confirmations
postcontract;post contract
postcontracts;post contracts
postdate;post date
postdated;post dated
postdates;post dates
postemployment;post employment
postpetition;post petition
postretirement;post retirement
postvesting;post vesting
preacquisition;pre acquisition
preacquisitions;pre acquisitions
preaudit;pre audit
preauditing;pre auditing
preaudits;pre audits
preconfirmation;pre confirmation
preconfirmations;pre confirmations
prefinancing;pre financing
preoperating;pre operating
prepayable;pre payable
prepetition;pre petition
preproduction;pre production
prerefunding;pre refunding
proforma;pro forma
proquest;pro quest
prorate;pro rate
pushdown;push down
pushdowns;push downs
quickbook;quick book
quickbooks;quick books
reengineering;re engineering
remainderman;remainder man
reperformance;re performance
retrocession;retro cession
reunderwriting;re underwriting
rollforward;roll forward
rollforwards;roll forwards
rollup;roll up
rollups;roll ups
saleback;sale back
scattergraph;scatter graph
scorekeeping;score keeping
semifixed;semi fixed
semimonthly;semi monthly
semivariable;semi variable
semivarialble;semi variable
setoff;set off
setoffs;set offs
setup;set up
sharebased;share based
spinoff;spin off
spinoffs;spin offs
standalone;stand alone
startup;start up
stockout;stock out
subaccount;sub account
subaccounts;sub accounts
subadvisory;sub advisory
subchapter;sub chapter
subchapters;sub chapters
subclassification;sub classification
subclassifications;sub classifications
subconsolidated;sub consolidated
subledger;sub ledger
subledgers;sub ledgers
suboptimization;sub optimization
suboptimizations;sub optimizations
subprime;sub prime
subservice;sub service
subservices;sub services
subservicing;sub servicing
subsubsidiaries;sub subsidiaries
subsubsidiary;sub subsidiary
subtotal;sub total
subtotals;sub totals
swingline;swing line
systrust;sys trust
testcheck;test check
timepath;time path
timepaths;time paths
underabsorbed;under absorbed
underapplied;under applied
underbudgeted;under budgeted
undercapitalization;under capitalization
underrecorded;under recorded
undersecured;under secured
undertakings;under takings
unitranche;uni tranche
unitrust;uni trust
unpresent;un present
unpresented;un presented
webtrust;web trust
webtrusts;web trusts
workpaper;work paper
workpapers;work papers
worksheet;work sheet
worksheets;work sheets
cashflow;cash flow
pennywise;penny wise
bookkeeper;book keeper
creditcard;credit card
downline;down line
cyberpayment;cyber payment
multitranche;multi tranche
overages;over ages
panafrican;pan african
patapension;pata pension
cashpoor;cash poor
rebill;re bill
preauthorized;pre authorized
grantbusiness;grant business
